Brand,Country,Status,Wikipedia Page
Zanella,Argentina,Active brands,https://en.wikipedia.org/wiki/Zanella
Anasagasti,Argentina,Former brands,https://en.wikipedia.org/wiki/Anasagasti
Andino,Argentina,Former brands,https://en.wikipedia.org/wiki/Andino
ASA,Argentina,Former brands,https://en.wikipedia.org/wiki/ASA_(automobile)
Eniak,Argentina,Former brands,https://en.wikipedia.org/wiki/Eniak_Antique
Hispano-Argentina,Argentina,Former brands,https://en.wikipedia.org/wiki/Hispano-Argentina
Industrias Aeronáuticas y Mecánicas del Estado,Argentina,Former brands,https://en.wikipedia.org/wiki/Industrias_Aeron%C3%A1uticas_y_Mec%C3%A1nicas_del_Estado
Italian American Motor Engineering,Argentina,Former brands,https://en.wikipedia.org/wiki/Italian_American_Motor_Engineering
Industrias Kaiser Argentina,Argentina,Former brands,https://en.wikipedia.org/wiki/Industrias_Kaiser_Argentina
ErAZ,Armenia,,https://en.wikipedia.org/wiki/ErAZ
Bolwell,Australia,Active brands,https://en.wikipedia.org/wiki/Bolwell
Borland Racing Developments,Australia,Active brands,https://en.wikipedia.org/wiki/Borland_Racing_Developments
Bufori,Australia,Active brands,https://en.wikipedia.org/wiki/Bufori
Bullet,Australia,Active brands,https://en.wikipedia.org/wiki/Bullet_(car)
Devaux,Australia,Active brands,https://en.wikipedia.org/wiki/Devaux_Coupe
Elfin Cars,Australia,Active brands,https://en.wikipedia.org/wiki/Elfin_Cars
Finch Restorations,Australia,Active brands,https://en.wikipedia.org/wiki/Finch_Restorations
Jacer,Australia,Active brands,https://en.wikipedia.org/wiki/Jacer
Joss Developments,Australia,Active brands,https://en.wikipedia.org/wiki/Joss_Developments
Minetti Sports Cars,Australia,Active brands,https://en.wikipedia.org/wiki/Minetti_Sports_Cars
Nota,Australia,Active brands,https://en.wikipedia.org/wiki/Nota
PRB,Australia,Active brands,https://en.wikipedia.org/wiki/PRB_(car)
Puma Clubman,Australia,Active brands,https://en.wikipedia.org/wiki/Puma_Clubman
Python,Australia,Active brands,https://en.wikipedia.org/wiki/Python_(automobile_maker)
Quantum,Australia,Active brands,https://en.wikipedia.org/wiki/Quantum
Roaring Forties,Australia,Active brands,https://en.wikipedia.org/wiki/Roaring_Forties
Spartan-V,Australia,Active brands,https://en.wikipedia.org/wiki/Spartan-V
Stohr Cars,Australia,Active brands,https://en.wikipedia.org/wiki/Stohr_Cars
Alpha Sports,Australia,Former brands,https://en.wikipedia.org/wiki/Alpha_Sports
Ascort,Australia,Former brands,https://en.wikipedia.org/wiki/Ascort
Austin,Australia,Former brands,https://en.wikipedia.org/wiki/British_Motor_Corporation_(Australia)
Australian Six,Australia,Former brands,https://en.wikipedia.org/wiki/Australian_Six
Australis,Australia,Former brands,https://en.wikipedia.org/wiki/Australis_(automobile)
Birchfield,Australia,Former brands,https://en.wikipedia.org/wiki/Birchfield_(car)
Blade,Australia,Former brands,https://en.wikipedia.org/wiki/Blade_Electron
Buchanan,Australia,Former brands,https://en.wikipedia.org/wiki/Buchanan_(car)
Buckle,Australia,Former brands,https://en.wikipedia.org/wiki/Buckle_GT_Tourer
Bush Ranger,Australia,Former brands,https://en.wikipedia.org/wiki/Bush_Ranger_(car)
Caldwell Vale,Australia,Former brands,https://en.wikipedia.org/wiki/Caldwell_Vale
Cheetah,Australia,Former brands,https://en.wikipedia.org/wiki/Cheetah_Racing_Cars
Giocattolo,Australia,Former brands,https://en.wikipedia.org/wiki/Giocattolo
Goggomobil,Australia,Former brands,https://en.wikipedia.org/wiki/Goggomobil
Hartnett,Australia,Former brands,https://en.wikipedia.org/wiki/Laurence_Hartnett#Life_after_GMH
Holden,Australia,Former brands,https://en.wikipedia.org/wiki/Holden
HSV,Australia,Former brands,https://en.wikipedia.org/wiki/Holden_Special_Vehicles
Ilinga,Australia,Former brands,https://en.wikipedia.org/wiki/Ilinga
Kaditcha,Australia,Former brands,https://en.wikipedia.org/wiki/Kaditcha
Leyland,Australia,Former brands,https://en.wikipedia.org/wiki/British_Motor_Corporation_(Australia)
Lloyd-Hartnett,Australia,Former brands,https://en.wikipedia.org/wiki/Lloyd-Hartnett
Lonsdale,Australia,Former brands,https://en.wikipedia.org/wiki/Lonsdale_(car)
Mitsubishi Australia,Australia,Former brands,https://en.wikipedia.org/wiki/Mitsubishi_Australia
UK,Australia,Former brands,https://en.wikipedia.org/wiki/UK
Colt Car Company,Australia,Former brands,https://en.wikipedia.org/wiki/Colt_Car_Company
Pellandini,Australia,Former brands,https://en.wikipedia.org/wiki/Pellandini_Cars
Purvis Eureka,Australia,Former brands,https://en.wikipedia.org/wiki/Purvis_Eureka
Shrike,Australia,Former brands,https://en.wikipedia.org/wiki/Shrike_(racing_car)
Southern Cross,Australia,Former brands,https://en.wikipedia.org/wiki/Southern_Cross_(automobile)
Statesman,Australia,Former brands,https://en.wikipedia.org/wiki/Statesman_(automobile)
Tarrant,Australia,Former brands,https://en.wikipedia.org/wiki/Tarrant_automobile
Zeta,Australia,Former brands,https://en.wikipedia.org/wiki/Zeta_(automobile)
Eurostar Automobilwerk,Austria,Active brands,https://en.wikipedia.org/wiki/Eurostar_Automobilwerk
KTM,Austria,Active brands,https://en.wikipedia.org/wiki/KTM
Magna Steyr,Austria,Active brands,https://en.wikipedia.org/wiki/Magna_Steyr
ÖAF,Austria,Active brands,https://en.wikipedia.org/wiki/%C3%96AF
Puch,Austria,Active brands,https://en.wikipedia.org/wiki/Puch
Steyr Motors GmbH,Austria,Active brands,https://en.wikipedia.org/wiki/Steyr_Motors_GmbH
Rosenbauer,Austria,Active brands,https://en.wikipedia.org/wiki/Rosenbauer
Tushek&Spigel Supercars,Austria,Active brands,https://en.wikipedia.org/wiki/Tushek%26Spigel_Supercars
Austro-Daimler,Austria,Former brands,https://en.wikipedia.org/wiki/Austro-Daimler
Austro-Tatra,Austria,Former brands,https://en.wikipedia.org/wiki/Austro-Tatra
Custoca,Austria,Former brands,https://en.wikipedia.org/wiki/Custoca
Denzel,Austria,Former brands,https://en.wikipedia.org/wiki/Denzel_(automobile)
Felber Autoroller,Austria,Former brands,https://en.wikipedia.org/wiki/Felber_Autoroller
Gräf & Stift,Austria,Former brands,https://en.wikipedia.org/wiki/Gr%C3%A4f_%26_Stift
Grofri,Austria,Former brands,https://en.wikipedia.org/wiki/Grofri
Libelle,Austria,Former brands,https://en.wikipedia.org/wiki/Libelle_(microcar)
Lohner–Porsche,Austria,Former brands,https://en.wikipedia.org/wiki/Lohner%E2%80%93Porsche
Möve 101,Austria,Former brands,https://en.wikipedia.org/wiki/M%C3%B6ve_101
Steyr automobile,Austria,Former brands,https://en.wikipedia.org/wiki/Steyr_automobile
Steyr-Daimler-Puch,Austria,Former brands,https://en.wikipedia.org/wiki/Steyr-Daimler-Puch
GA,Azerbaijan,Active brands,https://en.wikipedia.org/wiki/Ganja_Auto_Plant
NAZ,Azerbaijan,Active brands,https://en.wikipedia.org/wiki/Nakhchivan_Automobile_Plant
Aziz,Azerbaijan,Former brands,https://en.wikipedia.org/wiki/AzSamand
Pragoti,Bangladesh,,https://en.wikipedia.org/wiki/Pragoti
Runner Automobiles,Bangladesh,,https://en.wikipedia.org/wiki/Runner_Automobiles
Uttara,Bangladesh,,https://en.wikipedia.org/wiki/Uttara_Group_of_Companies
Walton Motors,Bangladesh,,https://en.wikipedia.org/wiki/Walton_Motors
BelGee,Belarus,Active Brands,https://en.wikipedia.org/wiki/BelGee
Minsk Automobile Plant,Belarus,Active Brands,https://en.wikipedia.org/wiki/Minsk_Automobile_Plant
Ford Union,Belarus,Former Brands,https://en.wikipedia.org/wiki/Ford_Union
Edran,Belgium,Active brands,https://en.wikipedia.org/wiki/Edran
Gillet,Belgium,Active brands,https://en.wikipedia.org/wiki/Gillet
ADK,Belgium,Former brands,https://en.wikipedia.org/wiki/ADK_(automobile)
Alatac,Belgium,Former brands,https://en.wikipedia.org/wiki/Alatac
Apal,Belgium,Former brands,https://en.wikipedia.org/wiki/Apal
Astra,Belgium,Former brands,https://en.wikipedia.org/wiki/Astra_(1930_automobile)
Auto-Mixte,Belgium,Former brands,https://en.wikipedia.org/wiki/Auto-Mixte
De Wandre,Belgium,Former brands,https://en.wikipedia.org/wiki/De_Wandre
Delecroix,Belgium,Former brands,https://en.wikipedia.org/wiki/Delecroix
Excelsior,Belgium,Former brands,https://en.wikipedia.org/wiki/Compagnie_Nationale_Excelsior
Flaid,Belgium,Former brands,https://en.wikipedia.org/wiki/Flaid
Germain,Belgium,Former brands,https://en.wikipedia.org/wiki/Ateliers_Germain
Imperia,Belgium,Former brands,https://en.wikipedia.org/wiki/Imperia_Automobiles
Jeecy-Vea,Belgium,Former brands,https://en.wikipedia.org/wiki/Jeecy-Vea
Juwel,Belgium,Former brands,https://en.wikipedia.org/wiki/Juwel
Meeussen,Belgium,Former brands,https://en.wikipedia.org/wiki/Meeussen
Miesse,Belgium,Former brands,https://en.wikipedia.org/wiki/Miesse
Minerva,Belgium,Former brands,https://en.wikipedia.org/wiki/Minerva_(automobile)
Pieper,Belgium,Former brands,https://en.wikipedia.org/wiki/Pieper
Pipe,Belgium,Former brands,https://en.wikipedia.org/wiki/Pipe_(car)
Ranger,Belgium,Former brands,https://en.wikipedia.org/wiki/Ranger_(automobile)
General Motors,Belgium,Former brands,https://en.wikipedia.org/wiki/General_Motors
Royal Star,Belgium,Former brands,https://en.wikipedia.org/wiki/Royal_Star
Springuel,Belgium,Former brands,https://en.wikipedia.org/wiki/Springuel
Vincke,Belgium,Former brands,https://en.wikipedia.org/wiki/Vincke
Vivinus,Belgium,Former brands,https://en.wikipedia.org/wiki/Vivinus
Agrale,Brazil,Active brands,https://en.wikipedia.org/wiki/Agrale
Chamonix,Brazil,Active brands,https://en.wikipedia.org/wiki/Chamonix_(car)
TAC,Brazil,Active brands,https://en.wikipedia.org/wiki/Tecnologia_Automotiva_Catarinense
Volkswagen,Brazil,Active brands,https://en.wikipedia.org/wiki/Volkswagen_do_Brasil
Brasinca,Brazil,Former brands,https://en.wikipedia.org/wiki/Brasinca_Uirapuru
Dacon,Brazil,Former brands,https://en.wikipedia.org/wiki/Dacon
Dardo,Brazil,Former brands,https://en.wikipedia.org/wiki/Dardo_(automobile)
Engesa,Brazil,Former brands,https://en.wikipedia.org/wiki/Engesa
Fabral,Brazil,Former brands,https://en.wikipedia.org/wiki/Fabral
Farus,Brazil,Former brands,https://en.wikipedia.org/wiki/Farus
FNM,Brazil,Former brands,https://en.wikipedia.org/wiki/F%C3%A1brica_Nacional_de_Motores
Gurgel,Brazil,Former brands,https://en.wikipedia.org/wiki/Gurgel
Hofstetter,Brazil,Former brands,https://en.wikipedia.org/wiki/Hofstetter_turbo
Lobini,Brazil,Former brands,https://en.wikipedia.org/wiki/Lobini
MP Lafer,Brazil,Former brands,https://en.wikipedia.org/wiki/MP_Lafer
Puma,Brazil,Former brands,https://en.wikipedia.org/wiki/Puma_(car_manufacturer)
Santa Matilde,Brazil,Former brands,https://en.wikipedia.org/wiki/Santa_Matilde
Troller,Brazil,Former brands,https://en.wikipedia.org/wiki/Troller
Willys,Brazil,Former brands,https://en.wikipedia.org/wiki/Willys-Overland#The_Brazilian_era
Litex Motors,Bulgaria,Active brands,https://en.wikipedia.org/wiki/Litex_Motors
SIN Cars,Bulgaria,Active brands,https://en.wikipedia.org/wiki/SIN_Cars
Bulgaralpine,Bulgaria,Former brands,https://en.wikipedia.org/wiki/Bulgaralpine
Bulgarrenault,Bulgaria,Former brands,https://en.wikipedia.org/wiki/Bulgarrenault
Moskvitch,Bulgaria,Former brands,https://en.wikipedia.org/wiki/Moskvitch_(Bulgaria)
Pirin-Fiat,Bulgaria,Former brands,https://en.wikipedia.org/wiki/Pirin-Fiat
Sofia,Bulgaria,Former brands,https://en.wikipedia.org/wiki/Sofia_(car)
Intermeccanica,Canada,Active brands,https://en.wikipedia.org/wiki/Intermeccanica
Felino,Canada,Active brands,https://en.wikipedia.org/wiki/Felino_Corporation
Acadian,Canada,Former brands,https://en.wikipedia.org/wiki/Acadian_(automobile)
Amherst,Canada,Former brands,https://en.wikipedia.org/wiki/Amherst_(automobile)
Asüna,Canada,Former brands,https://en.wikipedia.org/wiki/As%C3%BCna
Beaumont,Canada,Former brands,https://en.wikipedia.org/wiki/Beaumont_(automobile)
Bricklin,Canada,Former brands,https://en.wikipedia.org/wiki/Bricklin_automobile
Brock,Canada,Former brands,https://en.wikipedia.org/wiki/Brock_Motors
Brooks,Canada,Former brands,https://en.wikipedia.org/wiki/Brooks_Steam_Motors
Canadian,Canada,Former brands,https://en.wikipedia.org/wiki/Colonial_Motors
Canadian Motor,Canada,Former brands,https://en.wikipedia.org/wiki/Canadian_Motor
Clinton,Canada,Former brands,https://en.wikipedia.org/wiki/Clinton_(automobile)
Colonial,Canada,Former brands,https://en.wikipedia.org/wiki/Colonial_Motors
Dominion Motors Frontenac,Canada,Former brands,https://en.wikipedia.org/wiki/Dominion_Motors_Frontenac
Envoy,Canada,Former brands,https://en.wikipedia.org/wiki/Envoy_(automobile)
Epic,Canada,Former brands,https://en.wikipedia.org/wiki/Envoy_(automobile)
Frontenac,Canada,Former brands,https://en.wikipedia.org/wiki/Frontenac_(marque)
Gareau,Canada,Former brands,https://en.wikipedia.org/wiki/Gareau
Gray-Dort,Canada,Former brands,https://en.wikipedia.org/wiki/Gray-Dort_Motors_Ltd.
London Six,Canada,Former brands,https://en.wikipedia.org/wiki/London_Motors
Manic GT,Canada,Former brands,https://en.wikipedia.org/wiki/Manic_GT
McLaughlin,Canada,Former brands,https://en.wikipedia.org/wiki/McLaughlin_Motor_Car_Company
Meteor,Canada,Former brands,https://en.wikipedia.org/wiki/Meteor_(car)
Monarch,Canada,Former brands,https://en.wikipedia.org/wiki/Monarch_(marque)
Moose Jaw Standard,Canada,Former brands,https://en.wikipedia.org/wiki/Moose_Jaw_Standard
Queen,Canada,Former brands,https://en.wikipedia.org/wiki/Queen_(Canadian_automobile)
Studebaker,Canada,Former brands,https://en.wikipedia.org/wiki/Studebaker_Canada_Ltd.
Tudhope,Canada,Former brands,https://en.wikipedia.org/wiki/James_Brockett_Tudhope
ZENN,Canada,Former brands,https://en.wikipedia.org/wiki/ZENN
Aiways,China,Active brands,https://en.wikipedia.org/wiki/Aiways
BAIC Group,China,Active brands,https://en.wikipedia.org/wiki/BAIC_Group
Arcfox,China,Active brands,https://en.wikipedia.org/wiki/Arcfox
Beijing,China,Active brands,https://en.wikipedia.org/wiki/BAIC_Motor
Beijing Off-road,China,Active brands,https://en.wikipedia.org/wiki/BAIC_Motor
Changhe,China,Active brands,https://en.wikipedia.org/wiki/Changhe
Foton,China,Active brands,https://en.wikipedia.org/wiki/Foton_Motor
Beijing Automobile Works,China,Active brands,https://en.wikipedia.org/wiki/BAW
BYD,China,Active brands,https://en.wikipedia.org/wiki/BYD_Auto
Denza,China,Active brands,https://en.wikipedia.org/wiki/Denza
Yangwang,China,Active brands,https://en.wikipedia.org/wiki/Yangwang
Fangchengbao,China,Active brands,https://en.wikipedia.org/wiki/Fangchengbao
Chang'an Motors,China,Active brands,https://en.wikipedia.org/wiki/Chang%27an_Motors
Changan,China,Active brands,https://en.wikipedia.org/wiki/Changan_Automobile
Deepal (Shenlan),China,Active brands,https://en.wikipedia.org/wiki/Deepal
Hafei,China,Active brands,https://en.wikipedia.org/wiki/Hafei
Oshan,China,Active brands,https://en.wikipedia.org/wiki/Oshan_(marque)
Chery (Qirui),China,Active brands,https://en.wikipedia.org/wiki/Chery_Automobile
Exeed,China,Active brands,https://en.wikipedia.org/wiki/Exeed
Jetour,China,Active brands,https://en.wikipedia.org/wiki/Jetour
Dongfeng,China,Active brands,https://en.wikipedia.org/wiki/Dongfeng_Motor_Corporation
Dongfeng Fengshen,China,Active brands,https://en.wikipedia.org/wiki/Dongfeng_Fengshen
Dongfeng Nammi,China,Active brands,https://en.wikipedia.org/wiki/Dongfeng_Nammi
Venucia,China,Active brands,https://en.wikipedia.org/wiki/Venucia
Voyah,China,Active brands,https://en.wikipedia.org/wiki/Voyah
First Automobile Works,China,Active brands,https://en.wikipedia.org/wiki/First_Automobile_Works
Bestune,China,Active brands,https://en.wikipedia.org/wiki/Bestune
FAW Tianjin (Xiali),China,Active brands,https://en.wikipedia.org/wiki/FAW_Tianjin
Haima Automobile,China,Active brands,https://en.wikipedia.org/wiki/Haima_Automobile
Hongqi (Red Flag),China,Active brands,https://en.wikipedia.org/wiki/FAW_Hongqi
Huali,China,Active brands,https://en.wikipedia.org/wiki/Huali
Fudi,China,Active brands,https://en.wikipedia.org/wiki/Fudi
Geely (Jili),China,Active brands,https://en.wikipedia.org/wiki/Geely_Automobile
Geely Auto,China,Active brands,https://en.wikipedia.org/wiki/Geely_Auto
Geely Geometry,China,Active brands,https://en.wikipedia.org/wiki/Geometry_(car_marque)
Lynk & Co,China,Active brands,https://en.wikipedia.org/wiki/Lynk_%26_Co
Zeekr,China,Active brands,https://en.wikipedia.org/wiki/Zeekr
Shanghai Maple Guorun Automobile,China,Active brands,https://en.wikipedia.org/wiki/Shanghai_Maple_Guorun_Automobile
Great Wall Motors,China,Active brands,https://en.wikipedia.org/wiki/Great_Wall_Motors
Haval,China,Active brands,https://en.wikipedia.org/wiki/Haval_(marque)
ORA,China,Active brands,https://en.wikipedia.org/wiki/ORA_(marque)
TANK,China,Active brands,https://en.wikipedia.org/wiki/TANK_(marque)
Wey,China,Active brands,https://en.wikipedia.org/wiki/Wey_(marque)
GAC Group,China,Active brands,https://en.wikipedia.org/wiki/GAC_Group
Aion,China,Active brands,https://en.wikipedia.org/wiki/Aion_(car_brand)
Changfeng Motor,China,Active brands,https://en.wikipedia.org/wiki/Changfeng_Motor
Everus,China,Active brands,https://en.wikipedia.org/wiki/Everus
Gonow,China,Active brands,https://en.wikipedia.org/wiki/Gonow
Trumpchi,China,Active brands,https://en.wikipedia.org/wiki/Trumpchi
Hawtai (Huatai),China,Active brands,https://en.wikipedia.org/wiki/Hawtai
Huachen (Brilliance),China,Active brands,https://en.wikipedia.org/wiki/Brilliance_China_Auto
Human Horizons,China,Active brands,https://en.wikipedia.org/wiki/Human_Horizons
Jinbei,China,Active brands,https://en.wikipedia.org/wiki/Jinbei_(car)
Hwanghai,China,Active brands,https://en.wikipedia.org/wiki/SG_Automotive
JAC Motors,China,Active brands,https://en.wikipedia.org/wiki/JAC_Motors
Jiangling,China,Active brands,https://en.wikipedia.org/wiki/Jiangling_Motor
JMC,China,Active brands,https://en.wikipedia.org/wiki/Jiangling_Motors#JMC_(Jiangling)
Yusheng,China,Active brands,https://en.wikipedia.org/wiki/Yusheng
Jonway,China,Active brands,https://en.wikipedia.org/wiki/Jonway
de,China,Active brands,https://de.wikipedia.org/wiki/Zhejiang_Jonway_Automobile
Landwind,China,Active brands,https://en.wikipedia.org/wiki/Landwind
Leapmotor,China,Active brands,https://en.wikipedia.org/wiki/Leapmotor
Li Auto,China,Active brands,https://en.wikipedia.org/wiki/Li_Auto
Lifan,China,Active brands,https://en.wikipedia.org/wiki/Lifan_Group
Huayang,China,Active brands,https://en.wikipedia.org/wiki/Huayang_Auto
Nanjing Golden Dragon Bus,China,Active brands,https://en.wikipedia.org/wiki/Nanjing_Golden_Dragon_Bus
Nio,China,Active brands,https://en.wikipedia.org/wiki/Nio_Inc.
Qoros,China,Active brands,https://en.wikipedia.org/wiki/Qoros
SAIC Motor,China,Active brands,https://en.wikipedia.org/wiki/SAIC_Motor
Baojun,China,Active brands,https://en.wikipedia.org/wiki/Baojun
IM Motors,China,Active brands,https://en.wikipedia.org/wiki/IM_Motors
Maxus,China,Active brands,https://en.wikipedia.org/wiki/Maxus
MG Motor,China,Active brands,https://en.wikipedia.org/wiki/MG_Motor
Yuejin,China,Active brands,https://en.wikipedia.org/wiki/Yuejin
Rising Auto,China,Active brands,https://en.wikipedia.org/wiki/Rising_Auto
Roewe,China,Active brands,https://en.wikipedia.org/wiki/Roewe
Wuling,China,Active brands,https://en.wikipedia.org/wiki/SAIC-GM-Wuling_Automobile
Seres,China,Active brands,https://en.wikipedia.org/wiki/Seres_Group
AITO,China,Active brands,https://en.wikipedia.org/wiki/AITO_(marque)
DFSK,China,Active brands,https://en.wikipedia.org/wiki/DFSK_Motor
Fengon,China,Active brands,https://en.wikipedia.org/wiki/DFSK_Motor
Shaanxi Automobile Group,China,Active brands,https://en.wikipedia.org/wiki/Shaanxi_Automobile_Group
Sichuan Tengzhong,China,Active brands,https://en.wikipedia.org/wiki/Sichuan_Tengzhong_Heavy_Industrial_Machinery_Company
Soueast Motors,China,Active brands,https://en.wikipedia.org/wiki/Soueast_Motors
Dongnan,China,Active brands,https://en.wikipedia.org/wiki/Dongnan
Xinkai,China,Active brands,https://en.wikipedia.org/wiki/Xinkai
XPeng,China,Active brands,https://en.wikipedia.org/wiki/XPeng
Yema Auto,China,Active brands,https://en.wikipedia.org/wiki/Yema_Auto
Yutong,China,Active brands,https://en.wikipedia.org/wiki/Yutong
ZX Auto,China,Active brands,https://en.wikipedia.org/wiki/ZX_Auto
Xiaomi,China,Active brands,https://en.wikipedia.org/wiki/Xiaomi
Baolong,China,Former brands,https://en.wikipedia.org/wiki/Guangzhou_Baolong_Motors
Byton,China,Former brands,https://en.wikipedia.org/wiki/Byton_(company)
Dadi,China,Former brands,https://en.wikipedia.org/wiki/Dadi_Auto
Polarsun Automobile,China,Former brands,https://en.wikipedia.org/wiki/Polarsun_Automobile
Senova,China,Former brands,https://en.wikipedia.org/wiki/Senova
Shuanghuan,China,Former brands,https://en.wikipedia.org/wiki/Shuanghuan
Youngman,China,Former brands,https://en.wikipedia.org/wiki/Youngman
Zotye,China,Former brands,https://en.wikipedia.org/wiki/Zotye_International
Đuro Đaković,Croatia,Active brands,https://en.wikipedia.org/wiki/%C4%90uro_%C4%90akovi%C4%87_(company)
DOK-ING,Croatia,Active brands,https://en.wikipedia.org/wiki/DOK-ING
Rimac,Croatia,Active brands,https://en.wikipedia.org/wiki/Rimac_Automobili
Tvornica Autobusa Zagreb,Croatia,Former brands,https://en.wikipedia.org/wiki/Tvornica_Autobusa_Zagreb
Avia,Czech Republic,Active brands,https://en.wikipedia.org/wiki/Avia
Jawa,Czech Republic,Active brands,https://en.wikipedia.org/wiki/Jawa_Moto
Kaipan,Czech Republic,Active brands,https://en.wikipedia.org/wiki/Kaipan
Karosa,Czech Republic,Active brands,https://en.wikipedia.org/wiki/Karosa
IVECO Bus,Czech Republic,Active brands,https://en.wikipedia.org/wiki/IVECO
MTX / Metalex,Czech Republic,Active brands,https://en.wikipedia.org/wiki/MTX_(automobile)
MW Motors,Czech Republic,Active brands,https://en.wikipedia.org/wiki/MW_Motors_Luka_EV
Praga,Czech Republic,Active brands,https://en.wikipedia.org/wiki/Praga_(company)
Škoda,Czech Republic,Active brands,https://en.wikipedia.org/wiki/%C5%A0koda_Auto
Tatra,Czech Republic,Active brands,https://en.wikipedia.org/wiki/Tatra_(company)
Aero,Czech Republic,Former brands,https://en.wikipedia.org/wiki/Aero_(automobile)
Aspa,Czech Republic,Former brands,https://en.wikipedia.org/wiki/Aspa_(car)
Gatter,Czech Republic,Former brands,https://en.wikipedia.org/wiki/Gatter_Autowerk_Reichstadt
LIAZ,Czech Republic,Former brands,https://en.wikipedia.org/wiki/LIAZ_(Czech_Republic)
Stelka,Czech Republic,Former brands,https://en.wikipedia.org/wiki/Stelka
Velorex,Czech Republic,Former brands,https://en.wikipedia.org/wiki/Velorex
Walter,Czech Republic,Former brands,https://en.wikipedia.org/wiki/Walter_Aircraft_Engines
Wikov,Czech Republic,Former brands,https://en.wikipedia.org/wiki/Wikov
Zbrojovka Brno,Czech Republic,Former brands,https://en.wikipedia.org/wiki/Zbrojovka_Brno
PVP Karting,Denmark,Active brands,https://en.wikipedia.org/wiki/PVP_Karting
Zenvo Automotive,Denmark,Active brands,https://en.wikipedia.org/wiki/Zenvo_Automotive
Anglo-Dane,Denmark,Former brands,https://en.wikipedia.org/wiki/Anglo-Dane
Brems,Denmark,Former brands,https://en.wikipedia.org/wiki/Brems_(automobile)
Dansk,Denmark,Former brands,https://en.wikipedia.org/wiki/Dansk_(automobile)
Krampers,Denmark,Former brands,https://en.wikipedia.org/wiki/Krampers
Speranza,Egypt,Active brands,https://en.wikipedia.org/wiki/Speranza_Chery
Nasr,Egypt,Former brands,https://en.wikipedia.org/wiki/Nasr_(car_company)
Nobe,Estonia,,https://en.wikipedia.org/wiki/Nobe_GT100
Holland Car,Ethiopia,,https://en.wikipedia.org/wiki/Holland_Car
Elcat,Finland,,https://en.wikipedia.org/wiki/Elcat_Electric_Vehicles
Electric Raceabout,Finland,,https://en.wikipedia.org/wiki/Electric_Raceabout
Korvensuu,Finland,,https://en.wikipedia.org/wiki/Korvensuu_(car)
Sisu Auto,Finland,,https://en.wikipedia.org/wiki/Sisu_Auto
Valmet Automotive,Finland,,https://en.wikipedia.org/wiki/Valmet_Automotive
Vanaja,Finland,,https://en.wikipedia.org/wiki/Vanajan_Autotehdas
Valtra,Finland,,https://en.wikipedia.org/wiki/Valtra
Aixam,France,Active brands,https://en.wikipedia.org/wiki/Aixam
Alpine,France,Active brands,https://en.wikipedia.org/wiki/Alpine_(automobile)
Bolloré,France,Active brands,https://en.wikipedia.org/wiki/Bollor%C3%A9
Bugatti,France,Active brands,https://en.wikipedia.org/wiki/Bugatti_Automobiles
Chatenet,France,Active brands,https://en.wikipedia.org/wiki/Automobiles_Chatenet
Citroën,France,Active brands,https://en.wikipedia.org/wiki/Citro%C3%ABn
Delage,France,Active brands,https://en.wikipedia.org/wiki/Delage
De la Chapelle,France,Active brands,https://en.wikipedia.org/wiki/De_La_Chapelle
DS,France,Active brands,https://en.wikipedia.org/wiki/DS_Automobiles
Ligier,France,Active brands,https://en.wikipedia.org/wiki/Ligier
Microcar,France,Active brands,https://en.wikipedia.org/wiki/Microcar_(brand)
Peugeot,France,Active brands,https://en.wikipedia.org/wiki/Peugeot
PGO,France,Active brands,https://en.wikipedia.org/wiki/PGO_(Automobile)
Renault,France,Active brands,https://en.wikipedia.org/wiki/Renault
Renault Trucks,France,Active brands,https://en.wikipedia.org/wiki/Renault_Trucks
Amilcar,France,Former brands,https://en.wikipedia.org/wiki/Amilcar
Ballot,France,Former brands,https://en.wikipedia.org/wiki/Ballot_(automobile)
Berliet,France,Former brands,https://en.wikipedia.org/wiki/Berliet
Chenard-Walcker,France,Former brands,https://en.wikipedia.org/wiki/Chenard-Walcker
Darracq,France,Former brands,https://en.wikipedia.org/wiki/Automobiles_Darracq_France
DB,France,Former brands,https://en.wikipedia.org/wiki/DB_(car)
De Dion-Bouton,France,Former brands,https://en.wikipedia.org/wiki/De_Dion-Bouton
Delahaye,France,Former brands,https://en.wikipedia.org/wiki/Delahaye
Facel Vega,France,Former brands,https://en.wikipedia.org/wiki/Facel_Vega
Gobron-Brillié,France,Former brands,https://en.wikipedia.org/wiki/Gobron-Brilli%C3%A9
Hotchkiss,France,Former brands,https://en.wikipedia.org/wiki/Hotchkiss_(car)
Lorraine-Dietrich,France,Former brands,https://en.wikipedia.org/wiki/Lorraine-Dietrich
Mathis,France,Former brands,https://en.wikipedia.org/wiki/Mathis_(automobile)
Matra,France,Former brands,https://en.wikipedia.org/wiki/Matra
Panhard,France,Former brands,https://en.wikipedia.org/wiki/Panhard
Panhard et Levassor,France,Former brands,https://en.wikipedia.org/wiki/Panhard_et_Levassor
Rosengart,France,Former brands,https://en.wikipedia.org/wiki/Automobiles_L._Rosengart
Salmson,France,Former brands,https://en.wikipedia.org/wiki/Salmson
Saviem,France,Former brands,https://en.wikipedia.org/wiki/Saviem
Simca,France,Former brands,https://en.wikipedia.org/wiki/Simca
Talbot,France,Former brands,https://en.wikipedia.org/wiki/Automobiles_Talbot_France
Talbot-Lago,France,Former brands,https://en.wikipedia.org/wiki/Talbot-Lago
Tracta,France,Former brands,https://en.wikipedia.org/wiki/Tracta
VELAM,France,Former brands,https://en.wikipedia.org/wiki/VELAM
Vespa,France,Former brands,https://en.wikipedia.org/wiki/Vespa_400
Voisin,France,Former brands,https://en.wikipedia.org/wiki/Avions_Voisin
9ff,Germany,Active brands,https://en.wikipedia.org/wiki/9ff
ABT Sportsline,Germany,Active brands,https://en.wikipedia.org/wiki/ABT_Sportsline
Audi,Germany,Active brands,https://en.wikipedia.org/wiki/Audi
Alpina,Germany,Active brands,https://en.wikipedia.org/wiki/Alpina
AMG,Germany,Active brands,https://en.wikipedia.org/wiki/Mercedes-AMG
Artega,Germany,Active brands,https://en.wikipedia.org/wiki/Artega_Automobile
BMW,Germany,Active brands,https://en.wikipedia.org/wiki/BMW
BMW M,Germany,Active brands,https://en.wikipedia.org/wiki/BMW_M
Brabus,Germany,Active brands,https://en.wikipedia.org/wiki/Brabus
CityEl,Germany,Active brands,https://en.wikipedia.org/wiki/CityEl
Ford-Werke,Germany,Active brands,https://en.wikipedia.org/wiki/Ford-Werke_GmbH
Gemballa,Germany,Active brands,https://en.wikipedia.org/wiki/Gemballa
Isdera,Germany,Active brands,https://en.wikipedia.org/wiki/Isdera_AG
Lotec,Germany,Active brands,https://en.wikipedia.org/wiki/Lotec
Magirus,Germany,Active brands,https://en.wikipedia.org/wiki/Magirus
MAN,Germany,Active brands,https://en.wikipedia.org/wiki/MAN_Truck_%26_Bus
Maybach,Germany,Active brands,https://en.wikipedia.org/wiki/Maybach
Melkus,Germany,Active brands,https://en.wikipedia.org/wiki/Melkus
Mercedes-Benz,Germany,Active brands,https://en.wikipedia.org/wiki/Mercedes-Benz
Opel,Germany,Active brands,https://en.wikipedia.org/wiki/Opel
Porsche,Germany,Active brands,https://en.wikipedia.org/wiki/Porsche
Ruf,Germany,Active brands,https://en.wikipedia.org/wiki/Ruf_Automobile
Smart,Germany,Active brands,https://en.wikipedia.org/wiki/Smart_(marque)
TechArt,Germany,Active brands,https://en.wikipedia.org/wiki/TechArt
Volkswagen,Germany,Active brands,https://en.wikipedia.org/wiki/Volkswagen
Wiesmann,Germany,Active brands,https://en.wikipedia.org/wiki/Wiesmann
Amphicar,Germany,Former brands,https://en.wikipedia.org/wiki/Amphicar
Apal,Germany,Former brands,https://en.wikipedia.org/wiki/Apal
Auto Union,Germany,Former brands,https://en.wikipedia.org/wiki/Auto_Union
Bitter,Germany,Former brands,https://en.wikipedia.org/wiki/Bitter_(automobile)
Borgward,Germany,Former brands,https://en.wikipedia.org/wiki/Borgward
DKW,Germany,Former brands,https://en.wikipedia.org/wiki/DKW
Gatter,Germany,Former brands,https://en.wikipedia.org/wiki/Gatter_Autowerk_Reichstadt
Glas,Germany,Former brands,https://en.wikipedia.org/wiki/Glas_(company)
Goliath,Germany,Former brands,https://en.wikipedia.org/wiki/Goliath_(company)
Hansa,Germany,Former brands,https://en.wikipedia.org/wiki/Hansa_(company)
Heinkel,Germany,Former brands,https://en.wikipedia.org/wiki/Heinkel_Kabine
Horch,Germany,Former brands,https://en.wikipedia.org/wiki/Horch
Lloyd,Germany,Former brands,https://en.wikipedia.org/wiki/North_German_Automobile_and_Engine
Maybach,Germany,Former brands,https://en.wikipedia.org/wiki/Maybach
Mercedes,Germany,Former brands,https://en.wikipedia.org/wiki/Mercedes_(marque)
Messerschmitt,Germany,Former brands,https://en.wikipedia.org/wiki/Messerschmitt#Post-war
NSU,Germany,Former brands,https://en.wikipedia.org/wiki/NSU_Motorenwerke
Trabant,Germany,Former brands,https://en.wikipedia.org/wiki/Trabant
VW-Porsche,Germany,Former brands,https://en.wikipedia.org/wiki/Porsche_914
Wanderer,Germany,Former brands,https://en.wikipedia.org/wiki/Wanderer_(company)
Wartburg,Germany,Former brands,https://en.wikipedia.org/wiki/Wartburg_(marque)
Kantanka,Ghana,,https://en.wikipedia.org/wiki/Kantanka_Automobile
ELVO,Greece,Active brands,https://en.wikipedia.org/wiki/ELVO
Kioleides,Greece,Active brands,https://en.wikipedia.org/wiki/Kioleides
Keraboss,Greece,Active brands,https://en.wikipedia.org/wiki/Keraboss_Super_K
Korres,Greece,Active brands,https://en.wikipedia.org/wiki/Korres_(Engineering)
Namco,Greece,Active brands,https://en.wikipedia.org/wiki/Namco_(automobiles)
Replicar Hellas,Greece,Active brands,https://en.wikipedia.org/wiki/RCH_(cars)
Alta,Greece,Former brands,https://en.wikipedia.org/wiki/Alta_(vehicles)
Attica,Greece,Former brands,https://en.wikipedia.org/wiki/Attica_(automobiles)
Autokinitoviomihania Ellados,Greece,Former brands,https://en.wikipedia.org/wiki/Autokinitoviomihania_Ellados
Automeccanica,Greece,Former brands,https://en.wikipedia.org/wiki/Automeccanica
Balkania,Greece,Former brands,https://en.wikipedia.org/wiki/Balkania_(trade_name)
BET,Greece,Former brands,https://en.wikipedia.org/wiki/Biotechnia_Ellinikon_Trikyklon
Biamax,Greece,Former brands,https://en.wikipedia.org/wiki/Biamax
C.AR,Greece,Former brands,https://en.wikipedia.org/wiki/C.AR_(automobiles)
Candia,Greece,Former brands,https://en.wikipedia.org/wiki/Candia_(vehicles)
Diana,Greece,Former brands,https://en.wikipedia.org/wiki/Diana_(agricultural_machinery)
DIM,Greece,Former brands,https://en.wikipedia.org/wiki/DIM_(automobiles)
EBIAM,Greece,Former brands,https://en.wikipedia.org/wiki/EBIAM
Hercules,Greece,Former brands,https://en.wikipedia.org/wiki/Hercules_(vehicles)
MAVA-Renault,Greece,Former brands,https://en.wikipedia.org/wiki/MAVA-Renault
MEBEA,Greece,Former brands,https://en.wikipedia.org/wiki/MEBEA
Neorion,Greece,Former brands,https://en.wikipedia.org/wiki/Neorion
Pan-Car,Greece,Former brands,https://en.wikipedia.org/wiki/Pan-Car
Record,Greece,Former brands,https://en.wikipedia.org/wiki/Record_(agricultural_vehicles)
Scavas,Greece,Former brands,https://en.wikipedia.org/wiki/Scavas
Styl Kar,Greece,Former brands,https://en.wikipedia.org/wiki/Styl_Kar
Tangalakis,Greece,Former brands,https://en.wikipedia.org/wiki/Tangalakis-Temax
Theologou,Greece,Former brands,https://en.wikipedia.org/wiki/Theologou
Rába,Hungary,Active brands,https://en.wikipedia.org/wiki/R%C3%A1ba_(company)
Csepel,Hungary,Former brands,https://en.wikipedia.org/wiki/Csepel_Automobile_Factory
Csonka,Hungary,Former brands,https://en.wikipedia.org/wiki/Csonka_(automobile)
Fejes,Hungary,Former brands,https://en.wikipedia.org/wiki/Fejes
Ikarus,Hungary,Former brands,https://en.wikipedia.org/wiki/Ikarus_(Hungarian_company)
MÁG,Hungary,Former brands,https://en.wikipedia.org/wiki/Hungarian_General_Machine_Factory
Ashok Leyland,India,Active brands,https://en.wikipedia.org/wiki/Ashok_Leyland
Bajaj Auto,India,Active brands,https://en.wikipedia.org/wiki/Bajaj_Auto
Eicher Motors,India,Active brands,https://en.wikipedia.org/wiki/Eicher_Motors
Force Motors,India,Active brands,https://en.wikipedia.org/wiki/Force_Motors
Mahindra & Mahindra,India,Active brands,https://en.wikipedia.org/wiki/Mahindra_%26_Mahindra
Maruti Suzuki,India,Active brands,https://en.wikipedia.org/wiki/Maruti_Suzuki
Tata Motors,India,Active brands,https://en.wikipedia.org/wiki/Tata_Motors
Chinkara Motors,India,Former brands,https://en.wikipedia.org/wiki/Chinkara_Motors
Hindustan Motors,India,Former brands,https://en.wikipedia.org/wiki/Hindustan_Motors
ICML,India,Former brands,https://en.wikipedia.org/wiki/ICML_motors
Maruti,India,Former brands,https://en.wikipedia.org/wiki/Maruti_Suzuki
Premier,India,Former brands,https://en.wikipedia.org/wiki/Premier_Automobiles_Limited
Reva,India,Former brands,https://en.wikipedia.org/wiki/Mahindra_Reva
Sipani Motors (Sunrise Auto Industries),India,Former brands,https://en.wikipedia.org/wiki/Sipani
Standard,India,Former brands,https://en.wikipedia.org/wiki/Standard_(Indian_automobile)
Esemka,Indonesia,Current,https://en.wikipedia.org/wiki/Esemka
Pindad,Indonesia,Current,https://en.wikipedia.org/wiki/Pindad
Timor,Indonesia,Defunct,https://en.wikipedia.org/wiki/Timor_Putra_Nasional
Bahman,Iran,,https://en.wikipedia.org/wiki/Bahman_Group
Diar,Iran,,https://en.wikipedia.org/wiki/Diar
Iran Khodro,Iran,,https://en.wikipedia.org/wiki/Iran_Khodro
Khodro Kaveer,Iran,,https://en.wikipedia.org/wiki/Khodro_Kaveer
Kish Khodro,Iran,,https://en.wikipedia.org/wiki/Kish_Khodro
Morattab,Iran,,https://en.wikipedia.org/wiki/Morattab
MVM,Iran,,https://en.wikipedia.org/wiki/Modiran_Vehicle_Manufacturing_Company
Pars Khodro,Iran,,https://en.wikipedia.org/wiki/Pars_Khodro
Paykan,Iran,,https://en.wikipedia.org/wiki/Paykan
SAIPA,Iran,,https://en.wikipedia.org/wiki/SAIPA
Shahab Khodro,Iran,,https://en.wikipedia.org/wiki/Shahab_Khodro
Zagross Khodro,Iran,,https://en.wikipedia.org/wiki/Zagross_Khodro
Shamrock,Ireland,,https://en.wikipedia.org/wiki/Shamrock_(car)
TMC Costin,Ireland,,https://en.wikipedia.org/wiki/TMC_Costin
Alesbury,Ireland,,https://en.wikipedia.org/wiki/Alesbury
GAC Ireland,Ireland,,https://en.wikipedia.org/wiki/GAC_Ireland
AIL,Israel,Active brands,https://en.wikipedia.org/wiki/Automotive_Industries
Plasan,Israel,Active brands,https://en.wikipedia.org/wiki/Plasan
Autocars,Israel,Former brands,https://en.wikipedia.org/wiki/Autocars_Co.
Kaiser-Ilin Industries,Israel,Former brands,https://en.wikipedia.org/wiki/Kaiser-Frazer#Kaiser_in_Israel
Abarth,Italy,Active brands,https://en.wikipedia.org/wiki/Abarth
Alfa Romeo,Italy,Active brands,https://en.wikipedia.org/wiki/Alfa_Romeo
Casalini,Italy,Active brands,https://en.wikipedia.org/wiki/Casalini
Cizeta,Italy,Active brands,https://en.wikipedia.org/wiki/Cizeta
De Tomaso,Italy,Active brands,https://en.wikipedia.org/wiki/De_Tomaso
DR,Italy,Active brands,https://en.wikipedia.org/wiki/DR_Automobiles
Ferrari,Italy,Active brands,https://en.wikipedia.org/wiki/Ferrari
Fiat,Italy,Active brands,https://en.wikipedia.org/wiki/Fiat_Automobiles
F&M,Italy,Active brands,https://en.wikipedia.org/wiki/Mazzanti_Automobili
Giannini,Italy,Active brands,https://en.wikipedia.org/wiki/Giannini_Automobili
Giottiline,Italy,Active brands,https://en.wikipedia.org/wiki/Giottiline
Grecav,Italy,Active brands,https://en.wikipedia.org/wiki/Grecav
Italdesign,Italy,Active brands,https://en.wikipedia.org/wiki/Italdesign
Iveco,Italy,Active brands,https://en.wikipedia.org/wiki/Iveco
Lamborghini,Italy,Active brands,https://en.wikipedia.org/wiki/Lamborghini
Lancia,Italy,Active brands,https://en.wikipedia.org/wiki/Lancia
Maserati,Italy,Active brands,https://en.wikipedia.org/wiki/Maserati
Mazzanti,Italy,Active brands,https://en.wikipedia.org/wiki/Mazzanti_Automobili
Pagani,Italy,Active brands,https://en.wikipedia.org/wiki/Pagani_(company)
Piaggio,Italy,Active brands,https://en.wikipedia.org/wiki/Piaggio
Pininfarina,Italy,Active brands,https://en.wikipedia.org/wiki/Pininfarina
Qvale,Italy,Active brands,https://en.wikipedia.org/wiki/Qvale
RUF,Italy,Active brands,https://en.wikipedia.org/wiki/Ruf_Automobile
Spada Vetture Sport,Italy,Active brands,https://en.wikipedia.org/wiki/Spada_Codatronca
ASA,Italy,Former brands,https://en.wikipedia.org/wiki/ASA_(automobile)
Autobianchi,Italy,Former brands,https://en.wikipedia.org/wiki/Autobianchi
Bertone,Italy,Former brands,https://en.wikipedia.org/wiki/Gruppo_Bertone
Bizzarrini,Italy,Former brands,https://en.wikipedia.org/wiki/Bizzarrini
Cisitalia,Italy,Former brands,https://en.wikipedia.org/wiki/Cisitalia
Covini,Italy,Former brands,https://en.wikipedia.org/wiki/Covini_Engineering
Innocenti,Italy,Former brands,https://en.wikipedia.org/wiki/Innocenti
Intermeccanica,Italy,Former brands,https://en.wikipedia.org/wiki/Intermeccanica
Iso,Italy,Former brands,https://en.wikipedia.org/wiki/Iso_(automobile)
O.S.C.A.,Italy,Former brands,https://en.wikipedia.org/wiki/O.S.C.A.
Siata,Italy,Former brands,https://en.wikipedia.org/wiki/Siata
Baby-Brousse,Ivory Coast,,https://en.wikipedia.org/wiki/Baby-Brousse
citation needed,Ivory Coast,,https://en.wikipedia.org/wiki/Wikipedia:Citation_needed
Afeela,Japan,Active brands,https://en.wikipedia.org/wiki/Sony_Honda_Mobility
Aspark,Japan,Active brands,https://en.wikipedia.org/wiki/Aspark
Daihatsu,Japan,Active brands,https://en.wikipedia.org/wiki/Daihatsu
Lexus,Japan,Active brands,https://en.wikipedia.org/wiki/Lexus
Honda,Japan,Active brands,https://en.wikipedia.org/wiki/Honda
Acura,Japan,Active brands,https://en.wikipedia.org/wiki/Acura
Isuzu,Japan,Active brands,https://en.wikipedia.org/wiki/Isuzu
Mazda,Japan,Active brands,https://en.wikipedia.org/wiki/Mazda
Mitsubishi,Japan,Active brands,https://en.wikipedia.org/wiki/Mitsubishi_Motors
Mitsuoka,Japan,Active brands,https://en.wikipedia.org/wiki/Mitsuoka
Nissan,Japan,Active brands,https://en.wikipedia.org/wiki/Nissan
GT-R,Japan,Active brands,https://en.wikipedia.org/wiki/Nissan_GT-R
Nismo,Japan,Active brands,https://en.wikipedia.org/wiki/Nismo
Infiniti,Japan,Active brands,https://en.wikipedia.org/wiki/Infiniti
Subaru,Japan,Active brands,https://en.wikipedia.org/wiki/Subaru
Suzuki,Japan,Active brands,https://en.wikipedia.org/wiki/Suzuki
Toyota,Japan,Active brands,https://en.wikipedia.org/wiki/Toyota
Yamaha Motor,Japan,Active brands,https://en.wikipedia.org/wiki/Yamaha_Motor
Amati Cars,Japan,Former brands,https://en.wikipedia.org/wiki/Amati_Cars
Autozam,Japan,Former brands,https://en.wikipedia.org/wiki/Autozam
Colt,Japan,Former brands,https://en.wikipedia.org/wiki/Colt_Car_Company
Mitsubishi Motors,Japan,Former brands,https://en.wikipedia.org/wiki/Mitsubishi_Motors
UK,Japan,Former brands,https://en.wikipedia.org/wiki/UK
Colt Car Company,Japan,Former brands,https://en.wikipedia.org/wiki/Colt_Car_Company
Datsun,Japan,Former brands,https://en.wikipedia.org/wiki/Datsun
ɛ̃fini,Japan,Former brands,https://en.wikipedia.org/wiki/%C6%90%CC%83fini
Eunos,Japan,Former brands,https://en.wikipedia.org/wiki/Eunos_(automobile)
Hino,Japan,Former brands,https://en.wikipedia.org/wiki/Hino_Contessa
Prince,Japan,Former brands,https://en.wikipedia.org/wiki/Prince_Motor_Company
Scion,Japan,Former brands,https://en.wikipedia.org/wiki/Scion_(automobile)
Toyopet,Japan,Former brands,https://en.wikipedia.org/wiki/Toyopet
Mobius,Kenya,,https://en.wikipedia.org/wiki/Mobius_Motors
[1],Kenya,,https://en.wikipedia.org/wiki/List_of_car_brands#cite_note-1
Nyayo,Kenya,,https://en.wikipedia.org/wiki/Nyayo_Car
Jehle,Liechtenstein,,https://en.wikipedia.org/wiki/Jehle
Orca,Liechtenstein,,https://en.wikipedia.org/wiki/Orca_Engineering
Karenjy,Madagascar,,https://en.wikipedia.org/wiki/Karenjy
Bufori,Malaysia,,https://en.wikipedia.org/wiki/Bufori
Proton,Malaysia,,https://en.wikipedia.org/wiki/Proton_Holdings
Perodua,Malaysia,,https://en.wikipedia.org/wiki/Perodua
TD2000,Malaysia,,https://en.wikipedia.org/wiki/TD2000
Inokom,Malaysia,,https://en.wikipedia.org/wiki/Inokom
Naza,Malaysia,,https://en.wikipedia.org/wiki/Naza
Hicom,Malaysia,,https://en.wikipedia.org/wiki/HICOM_Automotive_Manufacturers_(Malaysia)
Dina,Mexico,,https://en.wikipedia.org/wiki/DINA_S.A.
Mastretta,Mexico,,https://en.wikipedia.org/wiki/Mastretta
VAM,Mexico,,https://en.wikipedia.org/wiki/Veh%C3%ADculos_Automotores_Mexicanos
Zacua,Mexico,,https://en.wikipedia.org/wiki/Zacua
Venturi,Monaco,,https://en.wikipedia.org/wiki/Venturi_Automobiles
Laraki,Morocco,,https://en.wikipedia.org/wiki/Laraki
Uri-Automobile,Namibia,,https://en.wikipedia.org/wiki/Uri_International_Vehicle_%26_Equipment_Marketing
Hulas Motors,Nepal,,https://en.wikipedia.org/wiki/Hulas_Motors
Donkervoort,Netherlands,Active brands,https://en.wikipedia.org/wiki/Donkervoort
Van Doorne's Automobiel Fabrieken,Netherlands,Active brands,https://en.wikipedia.org/wiki/DAF_Trucks
Savage Rivale,Netherlands,Active brands,https://en.wikipedia.org/wiki/Savage_Rivale_Roadyacht_GTS
Spyker,Netherlands,Active brands,https://en.wikipedia.org/wiki/Spyker_Cars
Vencer,Netherlands,Active brands,https://en.wikipedia.org/wiki/Vencer
DAF,Netherlands,Former brands,https://en.wikipedia.org/wiki/DAF_Cars
Spyker,Netherlands,Former brands,https://en.wikipedia.org/wiki/Spyker
Eysink,Netherlands,Former brands,https://en.wikipedia.org/wiki/Eysink
VDL Nedcar,Netherlands,Former brands,https://en.wikipedia.org/wiki/VDL_Nedcar
Almac,New Zealand,Active brands in NZ,https://en.wikipedia.org/wiki/Almac_(automobile)
Alternative Cars,New Zealand,Active brands in NZ,https://en.wikipedia.org/wiki/Alternative_Cars_Limited_(New_Zealand)
Chevron,New Zealand,Active brands in NZ,https://en.wikipedia.org/wiki/Chevron_Engineering_Ltd
Fraser,New Zealand,Active brands in NZ,https://en.wikipedia.org/wiki/Fraser_Clubman
Hulme,New Zealand,Active brands in NZ,https://en.wikipedia.org/wiki/Hulme_F1
Leitch,New Zealand,Active brands in NZ,https://en.wikipedia.org/wiki/Leitch_Super_Sprint
Saker,New Zealand,Active brands in NZ,https://en.wikipedia.org/wiki/Saker_Cars
Anziel,New Zealand,Former brands in NZ,https://en.wikipedia.org/wiki/Anziel_Nova
Beattie,New Zealand,Former brands in NZ,https://en.wikipedia.org/wiki/Beattie_(automobile)
Carlton,New Zealand,Former brands in NZ,https://en.wikipedia.org/wiki/Marlborough_(automobile)
Cobra,New Zealand,Former brands in NZ,https://en.wikipedia.org/wiki/Cobra_(car)
Crowther,New Zealand,Former brands in NZ,https://en.wikipedia.org/wiki/Hamilton_Walker_(New_Zealand)
De Joux,New Zealand,Former brands in NZ,https://en.wikipedia.org/wiki/De_Joux_(car)
Dennison,New Zealand,Former brands in NZ,https://en.wikipedia.org/wiki/Frederick_Dennison
Everson,New Zealand,Former brands in NZ,https://en.wikipedia.org/wiki/Everson_aircraft
Heron,New Zealand,Former brands in NZ,https://en.wikipedia.org/wiki/Heron_Cars
Marlborough,New Zealand,Former brands in NZ,https://en.wikipedia.org/wiki/Marlborough_(automobile)
McRae,New Zealand,Former brands in NZ,https://en.wikipedia.org/wiki/Graham_McRae
Mistral,New Zealand,Former brands in NZ,https://en.wikipedia.org/wiki/Microplas
Redline,New Zealand,Former brands in NZ,https://en.wikipedia.org/wiki/Beattie_(automobile)
Steel Brothers,New Zealand,Former brands in NZ,https://en.wikipedia.org/wiki/Lotus_Seven
Trekka,New Zealand,Former brands in NZ,https://en.wikipedia.org/wiki/Trekka
UltraCommuter,New Zealand,Former brands in NZ,https://en.wikipedia.org/wiki/UltraCommuter
Wood,New Zealand,Former brands in NZ,https://en.wikipedia.org/wiki/Cecil_Wood_(engineer)
Izuogu,Nigeria,,https://en.wikipedia.org/wiki/Izuogu_Z-600
Innoson Vehicle Manufacturing,Nigeria,,https://en.wikipedia.org/wiki/Innoson_Vehicle_Manufacturing
Pyeonghwa Motors,North Korea,,https://en.wikipedia.org/wiki/Pyeonghwa_Motors
Sungri Motors,North Korea,,https://en.wikipedia.org/wiki/Sungri_Motor_Plant
Kongsberg,Norway,,https://en.wikipedia.org/wiki/Kongsberg_Automotive
Bjering,Norway,Former brands,https://en.wikipedia.org/wiki/Bjering_(car)
Buddy,Norway,Former brands,https://en.wikipedia.org/wiki/Buddy_(electric_car)
Geijer,Norway,Former brands,https://en.wikipedia.org/wiki/C._Geijer_%26_Co
Norsk,Norway,Former brands,https://en.wikipedia.org/wiki/Norsk_(marque)
Think,Norway,Former brands,https://en.wikipedia.org/wiki/Think_Global
Troll,Norway,Former brands,https://en.wikipedia.org/wiki/Troll_(automobile)
Atlas Honda,Pakistan,Active brands,https://en.wikipedia.org/wiki/Atlas_Honda
Honda Atlas Cars Pakistan,Pakistan,Active brands,https://en.wikipedia.org/wiki/Honda_Atlas_Cars
FAW Pakistan,Pakistan,Active brands,https://en.wikipedia.org/wiki/Al_Haj_FAW_Motors
Ghandhara Nissan,Pakistan,Active brands,https://en.wikipedia.org/wiki/Ghandhara_Nissan
Ghandhara Industries,Pakistan,Active brands,https://en.wikipedia.org/wiki/Ghandhara_Industries_Limited
Heavy Industries Taxila,Pakistan,Active brands,https://en.wikipedia.org/wiki/Heavy_Industries_Taxila
Hinopak,Pakistan,Active brands,https://en.wikipedia.org/wiki/Hinopak_Motors
Master,Pakistan,Active brands,https://en.wikipedia.org/wiki/Master_Motors
Millat Tractors,Pakistan,Active brands,https://en.wikipedia.org/wiki/Millat_Tractors
Pak Suzuki,Pakistan,Active brands,https://en.wikipedia.org/wiki/Pak_Suzuki_Motors
Indus Motors Company,Pakistan,Active brands,https://en.wikipedia.org/wiki/Toyota_Indus
Yamaha Motor Pakistan,Pakistan,Active brands,https://en.wikipedia.org/wiki/Yamaha_Motor_Pakistan
Sazgar,Pakistan,Active brands,https://en.wikipedia.org/wiki/Sazgar
Hyundai Nishat Motors,Pakistan,Active brands,https://en.wikipedia.org/wiki/Hyundai_Nishat_Motors
Kia Lucky Motors,Pakistan,Active brands,https://en.wikipedia.org/wiki/Kia_Lucky_Motors
United Auto Industries,Pakistan,Active brands,https://en.wikipedia.org/wiki/United_Auto_Industries
Prince DFSK,Pakistan,Active brands,https://en.wikipedia.org/wiki/DFSK_(Sokon)#Prince_Pearl
MG JW Automobile,Pakistan,Active brands,https://en.wikipedia.org/wiki/MG_JW_Automobile
Adam Motor Company,Pakistan,Former brands,https://en.wikipedia.org/wiki/Adam_Motor_Company
Nexus Automotive,Pakistan,Former brands,https://en.wikipedia.org/wiki/Nexus_Automotive
Dewan Farooque Motors,Pakistan,Former brands,https://en.wikipedia.org/wiki/Dewan_Farooque_Motors
Arrinera,Poland,,https://en.wikipedia.org/wiki/Arrinera
FSO,Poland,,https://en.wikipedia.org/wiki/Fabryka_Samochod%C3%B3w_Osobowych
Melex,Poland,,https://en.wikipedia.org/wiki/Melex
Polski Fiat,Poland,,https://en.wikipedia.org/wiki/Polski_Fiat
UMM (União Metalo-Mecânica),Portugal,Former brands,https://en.wikipedia.org/wiki/UMM_(Uni%C3%A3o_Metalo-Mec%C3%A2nica)
Portaro,Portugal,Former brands,https://en.wikipedia.org/wiki/Portaro
Dacia,Romania,Active brands,https://en.wikipedia.org/wiki/Automobile_Dacia
Ford Romania,Romania,Active brands,https://en.wikipedia.org/wiki/Ford_Romania
Oltcit,Romania,Former brands,https://en.wikipedia.org/wiki/Oltcit
ARO,Romania,Former brands,https://en.wikipedia.org/wiki/ARO
Daewoo Automobile S.A.,Romania,Former brands,https://en.wikipedia.org/wiki/Automobile_Craiova
El Car,Romania,Former brands,https://en.wikipedia.org/wiki/El_Car
Atom,Russia,Active brands,https://en.wikipedia.org/wiki/Atom
Aurus Motors,Russia,Active brands,https://en.wikipedia.org/wiki/Aurus_Motors
Evolute,Russia,Active brands,https://en.wikipedia.org/wiki/Evolute
GAZ,Russia,Active brands,https://en.wikipedia.org/wiki/GAZ
Lada,Russia,Active brands,https://en.wikipedia.org/wiki/Lada
Moskvich,Russia,Active brands,https://en.wikipedia.org/wiki/Moskvich
KamAZ,Russia,Active brands,https://en.wikipedia.org/wiki/KamAZ
UAZ,Russia,Active brands,https://en.wikipedia.org/wiki/UAZ
Sollers,Russia,Active brands,https://en.wikipedia.org/wiki/Sollers_JSC
BelAZ,Russia,Active brands,https://en.wikipedia.org/wiki/BelAZ
Derways,Russia,Former brands,https://en.wikipedia.org/wiki/Derways_Automobile_Company
Izh,Russia,Former brands,https://en.wikipedia.org/wiki/Kalashnikov_Concern
Marussia,Russia,Former brands,https://en.wikipedia.org/wiki/Marussia
Russo-Balt,Russia,Former brands,https://en.wikipedia.org/wiki/Russo-Balt
TagAZ,Russia,Former brands,https://en.wikipedia.org/wiki/TagAZ
ZiL,Russia,Former brands,https://en.wikipedia.org/wiki/ZiL
Ceer Motors,Saudi Arabia,,https://en.wikipedia.org/wiki/Ceer_Motors
FCA Srbija,Serbia,Active brands,https://en.wikipedia.org/wiki/FCA_Srbija
Zastava TERVO,Serbia,Active brands,https://en.wikipedia.org/wiki/Zastava_TERVO
IDA-Opel,Serbia,Former brands,https://en.wikipedia.org/wiki/IDA-Opel
Yugo,Serbia,Former brands,https://en.wikipedia.org/wiki/Zastava_Koral
Zastava,Serbia,Former brands,https://en.wikipedia.org/wiki/Zastava_Automobiles
K-1 Engineering,Slovakia,Active brands,https://en.wikipedia.org/wiki/K-1_Attack
Troliga Bus,Slovakia,Active brands,https://sk.wikipedia.org/wiki/Troliga_Bus
Granus,Slovakia,Former brands,https://sk.wikipedia.org/wiki/Granus
Novoplan,Slovakia,Former brands,https://sk.wikipedia.org/wiki/Novoplan
SlovBus,Slovakia,Former brands,https://sk.wikipedia.org/wiki/SlovBus
Trnavské automobilové závody,Slovakia,Former brands,https://en.wikipedia.org/wiki/Trnavsk%C3%A9_automobilov%C3%A9_z%C3%A1vody
Revoz,Slovenia,Active brands,https://en.wikipedia.org/wiki/Revoz
TAM,Slovenia,Former brands,https://en.wikipedia.org/wiki/Tovarna_avtomobilov_Maribor
Tushek & Spigel,Slovenia,Former brands,https://en.wikipedia.org/wiki/Tushek
Birkin,South Africa,Active brands,https://en.wikipedia.org/wiki/Birkin_Cars
Perana,South Africa,Active brands,https://en.wikipedia.org/wiki/Perana_Performance_Group
Puma,South Africa,Active brands,https://en.wikipedia.org/wiki/Puma_(car_manufacturer)
Shaka,South Africa,Active brands,https://en.wikipedia.org/wiki/Advanced_Automotive_Design
Superformance,South Africa,Active brands,https://en.wikipedia.org/wiki/Superformance
Uri International Vehicle & Equipment Marketing,South Africa,Active brands,https://en.wikipedia.org/wiki/Uri_International_Vehicle_%26_Equipment_Marketing
Eagle,South Africa,Former brands,https://en.wikipedia.org/wiki/Automotive_Design_and_Development
GSM,South Africa,Former brands,https://en.wikipedia.org/wiki/Glass_Sport_Motors
Hayden Dart,South Africa,Former brands,https://en.wikipedia.org/wiki/Glass_Sport_Motors
Hi-Tech,South Africa,Former brands,https://en.wikipedia.org/wiki/Superformance
Optimal Energy,South Africa,Former brands,https://en.wikipedia.org/wiki/Optimal_Energy_Joule
Perana,South Africa,Former brands,https://en.wikipedia.org/wiki/Basil_Green_Motors
Protea,South Africa,Former brands,https://en.wikipedia.org/wiki/Protea_(car)
Ranger,South Africa,Former brands,https://en.wikipedia.org/wiki/Ranger_(car)
Sao,South Africa,Former brands,https://en.wikipedia.org/wiki/Sao_Penza
Chevrolet Korea,South Korea,Active brands,https://en.wikipedia.org/wiki/Chevrolet
CT&T,South Korea,Active brands,https://en.wikipedia.org/wiki/CT%26T_United
Genesis,South Korea,Active brands,https://en.wikipedia.org/wiki/Genesis_Motors
Hyundai,South Korea,Active brands,https://en.wikipedia.org/wiki/Hyundai_Motor_Company
Kia,South Korea,Active brands,https://en.wikipedia.org/wiki/Kia_Motors
Renault Samsung,South Korea,Active brands,https://en.wikipedia.org/wiki/Renault_Samsung_Motors
Ssangyong,South Korea,Active brands,https://en.wikipedia.org/wiki/SsangYong_Motor
Asia,South Korea,Former brands,https://en.wikipedia.org/wiki/Asia_Motors
Daewoo,South Korea,Former brands,https://en.wikipedia.org/wiki/Daewoo_Motors
GMK,South Korea,Former brands,https://en.wikipedia.org/wiki/Saehan_Motors
Proto,South Korea,Former brands,https://en.wikipedia.org/wiki/Proto_Motors
Saehan,South Korea,Former brands,https://en.wikipedia.org/wiki/Saehan_Motors
Saenara,South Korea,Former brands,https://en.wikipedia.org/wiki/Daewoo_Motors
Shinjin,South Korea,Former brands,https://en.wikipedia.org/wiki/Shinjin_Motors
Spirra,South Korea,Former brands,https://en.wikipedia.org/wiki/Spirra
Aspid,Spain,Active brands,https://en.wikipedia.org/wiki/Aspid
Comarth,Spain,Active brands,https://en.wikipedia.org/wiki/Comarth
Cupra,Spain,Active brands,https://en.wikipedia.org/wiki/SEAT_Cupra
Gerard Farre,Spain,Active brands,https://en.wikipedia.org/wiki/Honda
GTA Motor,Spain,Active brands,https://en.wikipedia.org/wiki/GTA_Motor
Hurtan,Spain,Active brands,https://en.wikipedia.org/wiki/Hurtan
SEAT,Spain,Active brands,https://en.wikipedia.org/wiki/SEAT
Spania GTA,Spain,Active brands,https://en.wikipedia.org/wiki/GTA_Spano
Tramontana (sports car),Spain,Active brands,https://en.wikipedia.org/wiki/Tramontana_(sports_car)
Tauro Sport Auto,Spain,Active brands,https://en.wikipedia.org/wiki/Tauro_Sport_Auto
UROVESA,Spain,Active brands,https://en.wikipedia.org/wiki/UROVESA
Hispano Suiza,Spain,Former brands,https://en.wikipedia.org/wiki/Hispano_Suiza
Pegaso,Spain,Former brands,https://en.wikipedia.org/wiki/Pegaso
Santana,Spain,Former brands,https://en.wikipedia.org/wiki/Santana_Motor
Volvo Cars,Sweden,Active brands,https://en.wikipedia.org/wiki/Volvo_Cars
Koenigsegg,Sweden,Active brands,https://en.wikipedia.org/wiki/Koenigsegg
Polestar,Sweden,Active brands,https://en.wikipedia.org/wiki/Polestar
Rengsjöbilen,Sweden,Former brands,https://en.wikipedia.org/wiki/Rengsj%C3%B6bilen
Saab,Sweden,Former brands,https://en.wikipedia.org/wiki/Saab_Automobile
Hult Healey,Sweden,Former brands,https://en.wikipedia.org/wiki/Hult_Healey
Jösse Car,Sweden,Former brands,https://en.wikipedia.org/wiki/J%C3%B6sse_Car
Tjorven,Sweden,Former brands,https://en.wikipedia.org/wiki/Kalmar_Verkstad
NEVS,Sweden,Former brands,https://en.wikipedia.org/wiki/NEVS
MBM,Switzerland,Former brands,https://en.wikipedia.org/wiki/MBM_(automobile)
Monteverdi,Switzerland,Former brands,https://en.wikipedia.org/wiki/Monteverdi_(automobile)
Ranger,Switzerland,Former brands,https://en.wikipedia.org/wiki/Ranger_(automobile)
General Motors,Switzerland,Former brands,https://en.wikipedia.org/wiki/General_Motors
Rinspeed,Switzerland,Former brands,https://en.wikipedia.org/wiki/Rinspeed
CMC,Taiwan,,https://en.wikipedia.org/wiki/China_Motor_Corporation
Formosa,Taiwan,,https://en.wikipedia.org/wiki/Formosa_Automobile_Corporation
citation needed,Taiwan,,https://en.wikipedia.org/wiki/Wikipedia:Citation_needed
Luxgen,Taiwan,,https://en.wikipedia.org/wiki/Luxgen
Thunder Power,Taiwan,,https://en.wikipedia.org/wiki/Thunder_Power
Yue Long/Yulon/YLN,Taiwan,,https://en.wikipedia.org/wiki/Yue_Loong
Thai Rung,Thailand,,https://en.wikipedia.org/wiki/Thai_Rung_Union_Car
Industries Mécaniques Maghrébines,Tunisia,Active brands,https://en.wikipedia.org/wiki/Industries_M%C3%A9caniques_Maghr%C3%A9bines
Wallyscar,Tunisia,Active brands,https://en.wikipedia.org/wiki/Wallyscar
[2],Tunisia,Active brands,https://en.wikipedia.org/wiki/List_of_car_brands#cite_note-2
Anadol,Turkey,,https://en.wikipedia.org/wiki/Anadol
Devrim,Turkey,,https://en.wikipedia.org/wiki/Devrim
Etox,Turkey,,https://en.wikipedia.org/wiki/Etox
Özaltin,Turkey,,https://en.wikipedia.org/wiki/%C3%96zmakta%C5%9F-%C3%96zalt%C4%B1n_Makina_Otomotiv
Temsa,Turkey,,https://en.wikipedia.org/wiki/Temsa
Tofaş,Turkey,,https://en.wikipedia.org/wiki/Tofa%C5%9F
TOGG,Turkey,,https://en.wikipedia.org/wiki/TOGG
Kiira,Uganda,,https://en.wikipedia.org/wiki/Kiira_Motors_Corporation
ZAZ,Ukraine,,https://en.wikipedia.org/wiki/ZAZ
KrAZ,Ukraine,,https://en.wikipedia.org/wiki/KrAZ
Devel Motors,United Arab Emirates,,https://en.wikipedia.org/wiki/Devel_Motors
W Motors,United Arab Emirates,,https://en.wikipedia.org/wiki/W_Motors
AC Cars,United Kingdom,Active brands,https://en.wikipedia.org/wiki/AC_Cars
Arash,United Kingdom,Active brands,https://en.wikipedia.org/wiki/Arash_Motor_Company
Ariel,United Kingdom,Active brands,https://en.wikipedia.org/wiki/Ariel_Motor_Company
Arrival,United Kingdom,Active brands,https://en.wikipedia.org/wiki/Arrival_(company)
Aston Martin,United Kingdom,Active brands,https://en.wikipedia.org/wiki/Aston_Martin
Briggs Automotive Company (BAC),United Kingdom,Active brands,https://en.wikipedia.org/wiki/Briggs_Automotive_Company
Bentley,United Kingdom,Active brands,https://en.wikipedia.org/wiki/Bentley
Caterham Cars,United Kingdom,Active brands,https://en.wikipedia.org/wiki/Caterham_Cars
David Brown,United Kingdom,Active brands,https://en.wikipedia.org/wiki/David_Brown_Automotive
Ginetta,United Kingdom,Active brands,https://en.wikipedia.org/wiki/Ginetta_Cars
Gordon Murray Automotive,United Kingdom,Active brands,https://en.wikipedia.org/wiki/Gordon_Murray_Automotive
Ineos Automotive,United Kingdom,Active brands,https://en.wikipedia.org/wiki/Ineos#Ineos_Automotive
Jaguar,United Kingdom,Active brands,https://en.wikipedia.org/wiki/Jaguar_Cars
[3],United Kingdom,Active brands,https://en.wikipedia.org/wiki/List_of_car_brands#cite_note-3
Lagonda,United Kingdom,Active brands,https://en.wikipedia.org/wiki/Lagonda
Land Rover,United Kingdom,Active brands,https://en.wikipedia.org/wiki/Land_Rover
Lister,United Kingdom,Active brands,https://en.wikipedia.org/wiki/Lister_Motor_Company
London Electric Vehicle Company,United Kingdom,Active brands,https://en.wikipedia.org/wiki/London_Electric_Vehicle_Company
Lotus,United Kingdom,Active brands,https://en.wikipedia.org/wiki/Lotus_Cars
Mini,United Kingdom,Active brands,https://en.wikipedia.org/wiki/Mini_(marque)
McLaren,United Kingdom,Active brands,https://en.wikipedia.org/wiki/McLaren_Automotive
Morgan,United Kingdom,Active brands,https://en.wikipedia.org/wiki/Morgan_Motor_Company
Noble,United Kingdom,Active brands,https://en.wikipedia.org/wiki/Noble_Automotive
Radical,United Kingdom,Active brands,https://en.wikipedia.org/wiki/Radical_Sportscars
Rolls-Royce,United Kingdom,Active brands,https://en.wikipedia.org/wiki/Rolls-Royce_Motor_Cars
TVR,United Kingdom,Active brands,https://en.wikipedia.org/wiki/TVR
Vauxhall,United Kingdom,Active brands,https://en.wikipedia.org/wiki/Vauxhall_Motors
[4],United Kingdom,Active brands,https://en.wikipedia.org/wiki/List_of_car_brands#cite_note-4
Albion,United Kingdom,Former brands,https://en.wikipedia.org/wiki/Albion_Motors
Allard,United Kingdom,Former brands,https://en.wikipedia.org/wiki/Allard_Motor_Company
Alvis,United Kingdom,Former brands,https://en.wikipedia.org/wiki/Alvis_Car_and_Engineering_Company
Armstrong Siddeley,United Kingdom,Former brands,https://en.wikipedia.org/wiki/Armstrong_Siddeley
Ascari,United Kingdom,Former brands,https://en.wikipedia.org/wiki/Ascari_Cars
Austin,United Kingdom,Former brands,https://en.wikipedia.org/wiki/Austin_Motor_Company
Austin-Healey,United Kingdom,Former brands,https://en.wikipedia.org/wiki/Austin-Healey
Berkeley,United Kingdom,Former brands,https://en.wikipedia.org/wiki/Berkeley_Cars
Bond,United Kingdom,Former brands,https://en.wikipedia.org/wiki/Sharp%27s_Commercials
Bristol,United Kingdom,Former brands,https://en.wikipedia.org/wiki/Bristol_Cars
British Salmson,United Kingdom,Former brands,https://en.wikipedia.org/wiki/British_Salmson
Buckler,United Kingdom,Former brands,https://en.wikipedia.org/wiki/Buckler_Cars
Chambers Motors,United Kingdom,Former brands,https://en.wikipedia.org/wiki/Chambers_Motors
Chrysler Europe,United Kingdom,Former brands,https://en.wikipedia.org/wiki/Chrysler_Europe
Clan,United Kingdom,Former brands,https://en.wikipedia.org/wiki/Clan_(car)
Crossley,United Kingdom,Former brands,https://en.wikipedia.org/wiki/Crossley_Motors
Daimler,United Kingdom,Former brands,https://en.wikipedia.org/wiki/Daimler_Company
Dellow,United Kingdom,Former brands,https://en.wikipedia.org/wiki/Dellow
Durant,United Kingdom,Former brands,https://en.wikipedia.org/wiki/Durant_(automobile)
Dutton,United Kingdom,Former brands,https://en.wikipedia.org/wiki/Dutton_Cars
Elva,United Kingdom,Former brands,https://en.wikipedia.org/wiki/Elva_(car_manufacturer)
Enfield,United Kingdom,Former brands,https://en.wikipedia.org/wiki/Enfield_Automotive
Fairthorpe,United Kingdom,Former brands,https://en.wikipedia.org/wiki/Fairthorpe_Cars
Farboud Limited,United Kingdom,Former brands,https://en.wikipedia.org/wiki/Farboud_Limited
Frazer Nash,United Kingdom,Former brands,https://en.wikipedia.org/wiki/Frazer_Nash
Gilbern,United Kingdom,Former brands,https://en.wikipedia.org/wiki/Gilbern
Gordon-Keeble,United Kingdom,Former brands,https://en.wikipedia.org/wiki/Gordon-Keeble
Healey,United Kingdom,Former brands,https://en.wikipedia.org/wiki/Donald_Healey_Motor_Company
Hillman,United Kingdom,Former brands,https://en.wikipedia.org/wiki/Hillman
Humber,United Kingdom,Former brands,https://en.wikipedia.org/wiki/Humber_Limited
Invacar,United Kingdom,Former brands,https://en.wikipedia.org/wiki/Invacar
Invicta,United Kingdom,Former brands,https://en.wikipedia.org/wiki/Invicta_(car)
Jensen,United Kingdom,Former brands,https://en.wikipedia.org/wiki/Jensen_Motors
Jowett,United Kingdom,Former brands,https://en.wikipedia.org/wiki/Jowett
Keating Supercars,United Kingdom,Former brands,https://en.wikipedia.org/wiki/Keating_Supercars
Lanchester,United Kingdom,Former brands,https://en.wikipedia.org/wiki/Lanchester_Motor_Company
Lea-Francis,United Kingdom,Former brands,https://en.wikipedia.org/wiki/Lea-Francis
Lloyd,United Kingdom,Former brands,https://en.wikipedia.org/wiki/Lloyd_Cars_Ltd
Lotus-Cortina,United Kingdom,Former brands,https://en.wikipedia.org/wiki/Lotus-Cortina
Marauder,United Kingdom,Former brands,https://en.wikipedia.org/wiki/Marauder_Cars
MG,United Kingdom,Former brands,https://en.wikipedia.org/wiki/MG_Cars
Metropolitan,United Kingdom,Former brands,https://en.wikipedia.org/wiki/Nash_Metropolitan
Midas,United Kingdom,Former brands,https://en.wikipedia.org/wiki/Midas_Cars
Morris,United Kingdom,Former brands,https://en.wikipedia.org/wiki/Morris_Motors
Nash-Healey,United Kingdom,Former brands,https://en.wikipedia.org/wiki/Nash-Healey
Panther,United Kingdom,Former brands,https://en.wikipedia.org/wiki/Panther_Westwinds
Paramount,United Kingdom,Former brands,https://en.wikipedia.org/wiki/Paramount_Cars
Peel Engineering Company,United Kingdom,Former brands,https://en.wikipedia.org/wiki/Peel_Engineering_Company
Peerless,United Kingdom,Former brands,https://en.wikipedia.org/wiki/Peerless_(UK_car)
Princess,United Kingdom,Former brands,https://en.wikipedia.org/wiki/Princess_(car)
Reliant,United Kingdom,Former brands,https://en.wikipedia.org/wiki/Reliant_Motors
Riley,United Kingdom,Former brands,https://en.wikipedia.org/wiki/Riley_Motor
Rover,United Kingdom,Former brands,https://en.wikipedia.org/wiki/Rover_(marque)
RW,United Kingdom,Former brands,https://en.wikipedia.org/wiki/RW_Kit_Cars
Singer,United Kingdom,Former brands,https://en.wikipedia.org/wiki/Singer_Motors
Spartan,United Kingdom,Former brands,https://en.wikipedia.org/wiki/Spartan_Cars
Standard,United Kingdom,Former brands,https://en.wikipedia.org/wiki/Standard_Motor_Company
Sunbeam,United Kingdom,Former brands,https://en.wikipedia.org/wiki/Sunbeam_Motor_Car_Company
Sunbeam-Talbot,United Kingdom,Former brands,https://en.wikipedia.org/wiki/Sunbeam-Talbot
Swallow,United Kingdom,Former brands,https://en.wikipedia.org/wiki/Swallow_Doretti
Talbot,United Kingdom,Former brands,https://en.wikipedia.org/wiki/Cl%C3%A9ment-Talbot
Tornado,United Kingdom,Former brands,https://en.wikipedia.org/wiki/Tornado_Cars
Trident,United Kingdom,Former brands,https://en.wikipedia.org/wiki/Trident_Cars
Triumph,United Kingdom,Former brands,https://en.wikipedia.org/wiki/Triumph_Motor_Company
Trojan,United Kingdom,Former brands,https://en.wikipedia.org/wiki/Trojan_(automobile)
Turner,United Kingdom,Former brands,https://en.wikipedia.org/wiki/Turner_Sports_Cars
Tyrrell,United Kingdom,Former brands,https://en.wikipedia.org/wiki/Tyrrell_Racing
Vanden Plas,United Kingdom,Former brands,https://en.wikipedia.org/wiki/Vanden_Plas
Warwick,United Kingdom,Former brands,https://en.wikipedia.org/wiki/Peerless_(UK_car)
Wolseley,United Kingdom,Former brands,https://en.wikipedia.org/wiki/Wolseley_Motors
AM General,United States,Active brands,https://en.wikipedia.org/wiki/AM_General
Anteros,United States,Active brands,https://en.wikipedia.org/wiki/Anteros_Coachworks_Inc.
Arcimoto,United States,Active brands,https://en.wikipedia.org/wiki/Arcimoto
Aurica,United States,Active brands,https://en.wikipedia.org/wiki/Aurica_Motors
Bollinger Motors,United States,Active brands,https://en.wikipedia.org/wiki/Bollinger_Motors
Bremach,United States,Active brands,https://en.wikipedia.org/wiki/Bremach
Buick,United States,Active brands,https://en.wikipedia.org/wiki/Buick
Cadillac,United States,Active brands,https://en.wikipedia.org/wiki/Cadillac
Chevrolet,United States,Active brands,https://en.wikipedia.org/wiki/Chevrolet
Chrysler,United States,Active brands,https://en.wikipedia.org/wiki/Chrysler
Czinger,United States,Active brands,https://en.wikipedia.org/wiki/Czinger
DeLorean Motor Company,United States,Active brands,https://en.wikipedia.org/wiki/DeLorean_Motor_Company
Dodge,United States,Active brands,https://en.wikipedia.org/wiki/Dodge
Elio Motors,United States,Active brands,https://en.wikipedia.org/wiki/Elio_Motors
Equus Automotive,United States,Active brands,https://en.wikipedia.org/wiki/Equus_Automotive
E-Z-GO,United States,Active brands,https://en.wikipedia.org/wiki/E-Z-GO
Falcon,United States,Active brands,https://en.wikipedia.org/wiki/Falcon_Motorsports
Faraday,United States,Active brands,https://en.wikipedia.org/wiki/Faraday_Future
Ford,United States,Active brands,https://en.wikipedia.org/wiki/Ford_Motor_Company
General Motors,United States,Active brands,https://en.wikipedia.org/wiki/General_Motors
GMC,United States,Active brands,https://en.wikipedia.org/wiki/GMC_(automobile)
Hennessey,United States,Active brands,https://en.wikipedia.org/wiki/Hennessey_Performance_Engineering
Jeep,United States,Active brands,https://en.wikipedia.org/wiki/Jeep
Karma,United States,Active brands,https://en.wikipedia.org/wiki/Karma_Automotive
Lincoln,United States,Active brands,https://en.wikipedia.org/wiki/Lincoln_Motor_Company
Lucid,United States,Active brands,https://en.wikipedia.org/wiki/Lucid_Motors
Lyons,United States,Active brands,https://en.wikipedia.org/wiki/Lyons_Motor_Car
Opel,United States,Active brands,https://en.wikipedia.org/wiki/Opel
Panoz,United States,Active brands,https://en.wikipedia.org/wiki/Panoz
Polaris,United States,Active brands,https://en.wikipedia.org/wiki/Polaris_Industries
Racefab,United States,Active brands,https://en.wikipedia.org/wiki/Racefab_Inc.
RAESR,United States,Active brands,https://en.wikipedia.org/wiki/RAESR
Ram Trucks,United States,Active brands,https://en.wikipedia.org/wiki/Ram_Trucks
Rezvani,United States,Active brands,https://en.wikipedia.org/wiki/Rezvani_Automotive_Designs
Rivian,United States,Active brands,https://en.wikipedia.org/wiki/Rivian
Rossion,United States,Active brands,https://en.wikipedia.org/wiki/Rossion_Automotive
Saleen,United States,Active brands,https://en.wikipedia.org/wiki/Saleen
Scuderia Cameron Glickenhaus,United States,Active brands,https://en.wikipedia.org/wiki/Scuderia_Cameron_Glickenhaus
Shelby American,United States,Active brands,https://en.wikipedia.org/wiki/Carroll_Shelby_International
SSC,United States,Active brands,https://en.wikipedia.org/wiki/SSC_North_America
Tesla,United States,Active brands,https://en.wikipedia.org/wiki/Tesla,_Inc.
Trion Supercars,United States,Active brands,https://en.wikipedia.org/wiki/Trion_Supercars
Vehicle Production Group,United States,Active brands,https://en.wikipedia.org/wiki/Vehicle_Production_Group
Zimmer,United States,Active brands,https://en.wikipedia.org/wiki/Zimmer_(automobile)
Ajax,United States,Former brands,https://en.wikipedia.org/wiki/Ajax_(Nash_Motors)
AMC,United States,Former brands,https://en.wikipedia.org/wiki/American_Motors_Corporation
American Simplex,United States,Former brands,https://en.wikipedia.org/wiki/American_Simplex
Amplex,United States,Former brands,https://en.wikipedia.org/wiki/American_Simplex
Auburn,United States,Former brands,https://en.wikipedia.org/wiki/Auburn_Automobile
Checker,United States,Former brands,https://en.wikipedia.org/wiki/Checker_Motors_Corporation
Coda,United States,Former brands,https://en.wikipedia.org/wiki/Coda_Automotive
Cord,United States,Former brands,https://en.wikipedia.org/wiki/Cord_(automobile)
Crosley,United States,Former brands,https://en.wikipedia.org/wiki/Crosley
DeSoto,United States,Former brands,https://en.wikipedia.org/wiki/DeSoto_(automobile)
Detroit Electric,United States,Former brands,https://en.wikipedia.org/wiki/Detroit_Electric
Devon,United States,Former brands,https://en.wikipedia.org/wiki/Devon_Motorworks
Duesenberg,United States,Former brands,https://en.wikipedia.org/wiki/Duesenberg
Eagle,United States,Former brands,https://en.wikipedia.org/wiki/Eagle_(automobile)
Edsel,United States,Former brands,https://en.wikipedia.org/wiki/Edsel
Frazer,United States,Former brands,https://en.wikipedia.org/wiki/Frazer_(automobile)
Fisker,United States,Former brands,https://en.wikipedia.org/wiki/Fisker_Automotive
Geo,United States,Former brands,https://en.wikipedia.org/wiki/Geo_(automobile)
General Motors,United States,Former brands,https://en.wikipedia.org/wiki/General_Motors
Hudson,United States,Former brands,https://en.wikipedia.org/wiki/Hudson_Motor_Car_Company
Hummer,United States,Former brands,https://en.wikipedia.org/wiki/Hummer
Hummer EV,United States,Former brands,https://en.wikipedia.org/wiki/GMC_Hummer_EV
Hupmobile,United States,Former brands,https://en.wikipedia.org/wiki/Hupmobile
Imperial,United States,Former brands,https://en.wikipedia.org/wiki/Imperial_(automobile)
Chrysler Corporation,United States,Former brands,https://en.wikipedia.org/wiki/Chrysler_Corporation
Jordan,United States,Former brands,https://en.wikipedia.org/wiki/Jordan_Motor_Car_Company
Kaiser,United States,Former brands,https://en.wikipedia.org/wiki/Kaiser_Motors
LaFayette,United States,Former brands,https://en.wikipedia.org/wiki/LaFayette_Motors
LaSalle,United States,Former brands,https://en.wikipedia.org/wiki/LaSalle_(automobile)
Local,United States,Former brands,https://en.wikipedia.org/wiki/Local_Motors
Marmon,United States,Former brands,https://en.wikipedia.org/wiki/Marmon_Motor_Car_Company
Marquette,United States,Former brands,https://en.wikipedia.org/wiki/Marquette_(automobile)
General Motors,United States,Former brands,https://en.wikipedia.org/wiki/General_Motors
Maxwell,United States,Former brands,https://en.wikipedia.org/wiki/Maxwell_automobile
Mercer,United States,Former brands,https://en.wikipedia.org/wiki/Mercer_(automobile)
Mercury,United States,Former brands,https://en.wikipedia.org/wiki/Mercury_(automobile)
Merkur,United States,Former brands,https://en.wikipedia.org/wiki/Merkur
Moon,United States,Former brands,https://en.wikipedia.org/wiki/Moon_Motor_Car
Mosler,United States,Former brands,https://en.wikipedia.org/wiki/Mosler_Automotive
Nash,United States,Former brands,https://en.wikipedia.org/wiki/Nash_Motors
Navistar International,United States,Former brands,https://en.wikipedia.org/wiki/Navistar_International
Oakland,United States,Former brands,https://en.wikipedia.org/wiki/Oakland_Motor_Car_Company
Oldsmobile,United States,Former brands,https://en.wikipedia.org/wiki/Oldsmobile
Packard,United States,Former brands,https://en.wikipedia.org/wiki/Packard
Plymouth,United States,Former brands,https://en.wikipedia.org/wiki/Plymouth_(automobile)
Pontiac,United States,Former brands,https://en.wikipedia.org/wiki/Pontiac_(automobile)
Rambler,United States,Former brands,https://en.wikipedia.org/wiki/Rambler_(automobile)
Saturn,United States,Former brands,https://en.wikipedia.org/wiki/Saturn_Corporation
Staver,United States,Former brands,https://en.wikipedia.org/wiki/Staver
Stearns-Knight,United States,Former brands,https://en.wikipedia.org/wiki/Stearns-Knight
Studebaker,United States,Former brands,https://en.wikipedia.org/wiki/Studebaker
Vector,United States,Former brands,https://en.wikipedia.org/wiki/Vector_Motors
Wheego,United States,Former brands,https://en.wikipedia.org/wiki/Wheego_Technologies
Willys,United States,Former brands,https://en.wikipedia.org/wiki/Willys
SamKochAvto,Uzbekistan,,https://en.wikipedia.org/wiki/SamKochAvto
UzAuto Motors,Uzbekistan,,https://en.wikipedia.org/wiki/UzAuto_Motors
ChienThang,Vietnam,Active brands,https://en.wikipedia.org/wiki/File:Da-Nang_Vietnam_CHIEN-THANG-3.45T-truck-01.jpg
THACO,Vietnam,Active brands,https://en.wikipedia.org/wiki/THACO
VinFast,Vietnam,Active brands,https://en.wikipedia.org/wiki/VinFast
Vinaxuki,Vietnam,Former brands,https://en.wikipedia.org/wiki/Vinaxuki