Brand,Country,Status,Wikipedia Page
Zanella,Argentina,Active,https://en.wikipedia.org/wiki/Zanella
Anasagasti,Argentina,Former,https://en.wikipedia.org/wiki/Anasagasti
Andino,Argentina,Former,https://en.wikipedia.org/wiki/Andino
ASA (automobile),Argentina,Former,https://en.wikipedia.org/wiki/ASA_(automobile)
Eniak Antique,Argentina,Former,https://en.wikipedia.org/wiki/Eniak_Antique
Hispano-Argentina,Argentina,Former,https://en.wikipedia.org/wiki/Hispano-Argentina
Industrias Aeronáuticas y Mecánicas del Estado,Argentina,Former,https://en.wikipedia.org/wiki/Industrias_Aeron%C3%A1uticas_y_Mec%C3%A1nicas_del_Estado
Industrias Kaiser Argentina,Argentina,Former,https://en.wikipedia.org/wiki/Industrias_Kaiser_Argentina
ErAZ,Armenia,,https://en.wikipedia.org/wiki/ErAZ
Bolwell,Australia,Active,https://en.wikipedia.org/wiki/Bolwell
Borland Racing Developments,Australia,Active,https://en.wikipedia.org/wiki/Borland_Racing_Developments
Bufori,Australia,Active,https://en.wikipedia.org/wiki/Bufori
Bullet (car),Australia,Active,https://en.wikipedia.org/wiki/Bullet_(car)
Devaux Coupe,Australia,Active,https://en.wikipedia.org/wiki/Devaux_Coupe
Elfin Cars,Australia,Active,https://en.wikipedia.org/wiki/Elfin_Cars
Finch Restorations,Australia,Active,https://en.wikipedia.org/wiki/Finch_Restorations
Jacer,Australia,Active,https://en.wikipedia.org/wiki/Jacer
Joss Developments,Australia,Active,https://en.wikipedia.org/wiki/Joss_Developments
Minetti Sports Cars,Australia,Active,https://en.wikipedia.org/wiki/Minetti_Sports_Cars
Nota,Australia,Active,https://en.wikipedia.org/wiki/Nota
PRB (car),Australia,Active,https://en.wikipedia.org/wiki/PRB_(car)
Puma Clubman,Australia,Active,https://en.wikipedia.org/wiki/Puma_Clubman
Python (automobile maker),Australia,Active,https://en.wikipedia.org/wiki/Python_(automobile_maker)
Quantum,Australia,Active,https://en.wikipedia.org/wiki/Quantum
Roaring Forties,Australia,Active,https://en.wikipedia.org/wiki/Roaring_Forties
Spartan-V,Australia,Active,https://en.wikipedia.org/wiki/Spartan-V
Stohr Cars,Australia,Active,https://en.wikipedia.org/wiki/Stohr_Cars
Alpha Sports,Australia,Former,https://en.wikipedia.org/wiki/Alpha_Sports
Ascort,Australia,Former,https://en.wikipedia.org/wiki/Ascort
British Motor Corporation (Australia),Australia,Former,https://en.wikipedia.org/wiki/British_Motor_Corporation_(Australia)
Australian Six,Australia,Former,https://en.wikipedia.org/wiki/Australian_Six
Australis (automobile),Australia,Former,https://en.wikipedia.org/wiki/Australis_(automobile)
Birchfield (car),Australia,Former,https://en.wikipedia.org/wiki/Birchfield_(car)
Blade Electron,Australia,Former,https://en.wikipedia.org/wiki/Blade_Electron
Buchanan (car),Australia,Former,https://en.wikipedia.org/wiki/Buchanan_(car)
Buckle GT Tourer,Australia,Former,https://en.wikipedia.org/wiki/Buckle_GT_Tourer
Bush Ranger (car),Australia,Former,https://en.wikipedia.org/wiki/Bush_Ranger_(car)
Caldwell Vale,Australia,Former,https://en.wikipedia.org/wiki/Caldwell_Vale
Cheetah Racing Cars,Australia,Former,https://en.wikipedia.org/wiki/Cheetah_Racing_Cars
Giocattolo,Australia,Former,https://en.wikipedia.org/wiki/Giocattolo
Goggomobil,Australia,Former,https://en.wikipedia.org/wiki/Goggomobil
Laurence Hartnett,Australia,Former,https://en.wikipedia.org/wiki/Laurence_Hartnett#Life_after_GMH
Holden,Australia,Former,https://en.wikipedia.org/wiki/Holden
Holden Special Vehicles,Australia,Former,https://en.wikipedia.org/wiki/Holden_Special_Vehicles
Ilinga,Australia,Former,https://en.wikipedia.org/wiki/Ilinga
Kaditcha,Australia,Former,https://en.wikipedia.org/wiki/Kaditcha
British Motor Corporation (Australia),Australia,Former,https://en.wikipedia.org/wiki/British_Motor_Corporation_(Australia)
Lloyd-Hartnett,Australia,Former,https://en.wikipedia.org/wiki/Lloyd-Hartnett
Lonsdale (car),Australia,Former,https://en.wikipedia.org/wiki/Lonsdale_(car)
Pellandini Cars,Australia,Former,https://en.wikipedia.org/wiki/Pellandini_Cars
Purvis Eureka,Australia,Former,https://en.wikipedia.org/wiki/Purvis_Eureka
Shrike (racing car),Australia,Former,https://en.wikipedia.org/wiki/Shrike_(racing_car)
Southern Cross (automobile),Australia,Former,https://en.wikipedia.org/wiki/Southern_Cross_(automobile)
Statesman (automobile),Australia,Former,https://en.wikipedia.org/wiki/Statesman_(automobile)
Tarrant automobile,Australia,Former,https://en.wikipedia.org/wiki/Tarrant_automobile
Zeta (automobile),Australia,Former,https://en.wikipedia.org/wiki/Zeta_(automobile)
Eurostar Automobilwerk,Austria,Active,https://en.wikipedia.org/wiki/Eurostar_Automobilwerk
KTM,Austria,Active,https://en.wikipedia.org/wiki/KTM
Magna Steyr,Austria,Active,https://en.wikipedia.org/wiki/Magna_Steyr
ÖAF,Austria,Active,https://en.wikipedia.org/wiki/%C3%96AF
Puch,Austria,Active,https://en.wikipedia.org/wiki/Puch
Steyr Motors GmbH,Austria,Active,https://en.wikipedia.org/wiki/Steyr_Motors_GmbH
Rosenbauer,Austria,Active,https://en.wikipedia.org/wiki/Rosenbauer
Tushek&Spigel Supercars,Austria,Active,https://en.wikipedia.org/wiki/Tushek%26Spigel_Supercars
Austro-Daimler,Austria,Former,https://en.wikipedia.org/wiki/Austro-Daimler
Austro-Tatra,Austria,Former,https://en.wikipedia.org/wiki/Austro-Tatra
Custoca,Austria,Former,https://en.wikipedia.org/wiki/Custoca
Denzel (automobile),Austria,Former,https://en.wikipedia.org/wiki/Denzel_(automobile)
Felber Autoroller,Austria,Former,https://en.wikipedia.org/wiki/Felber_Autoroller
Gräf & Stift,Austria,Former,https://en.wikipedia.org/wiki/Gr%C3%A4f_%26_Stift
Grofri,Austria,Former,https://en.wikipedia.org/wiki/Grofri
Libelle (microcar),Austria,Former,https://en.wikipedia.org/wiki/Libelle_(microcar)
Lohner–Porsche,Austria,Former,https://en.wikipedia.org/wiki/Lohner%E2%80%93Porsche
Möve 101,Austria,Former,https://en.wikipedia.org/wiki/M%C3%B6ve_101
Steyr automobile,Austria,Former,https://en.wikipedia.org/wiki/Steyr_automobile
Steyr-Daimler-Puch,Austria,Former,https://en.wikipedia.org/wiki/Steyr-Daimler-Puch
Ganja Auto Plant,Azerbaijan,Active,https://en.wikipedia.org/wiki/Ganja_Auto_Plant
Nakhchivan Automobile Plant,Azerbaijan,Active,https://en.wikipedia.org/wiki/Nakhchivan_Automobile_Plant
AzSamand,Azerbaijan,Former,https://en.wikipedia.org/wiki/AzSamand
Pragoti,Bangladesh,,https://en.wikipedia.org/wiki/Pragoti
Runner Automobiles,Bangladesh,,https://en.wikipedia.org/wiki/Runner_Automobiles
Uttara Group of Companies,Bangladesh,,https://en.wikipedia.org/wiki/Uttara_Group_of_Companies
Walton Motors,Bangladesh,,https://en.wikipedia.org/wiki/Walton_Motors
BelGee,Belarus,Active,https://en.wikipedia.org/wiki/BelGee
Minsk Automobile Plant,Belarus,Active,https://en.wikipedia.org/wiki/Minsk_Automobile_Plant
Ford Union,Belarus,Former,https://en.wikipedia.org/wiki/Ford_Union
Edran,Belgium,Active,https://en.wikipedia.org/wiki/Edran
Gillet,Belgium,Active,https://en.wikipedia.org/wiki/Gillet
ADK (automobile),Belgium,Former,https://en.wikipedia.org/wiki/ADK_(automobile)
Alatac,Belgium,Former,https://en.wikipedia.org/wiki/Alatac
Apal,Belgium,Former,https://en.wikipedia.org/wiki/Apal
Astra (1930 automobile),Belgium,Former,https://en.wikipedia.org/wiki/Astra_(1930_automobile)
Auto-Mixte,Belgium,Former,https://en.wikipedia.org/wiki/Auto-Mixte
De Wandre,Belgium,Former,https://en.wikipedia.org/wiki/De_Wandre
Delecroix,Belgium,Former,https://en.wikipedia.org/wiki/Delecroix
Compagnie Nationale Excelsior,Belgium,Former,https://en.wikipedia.org/wiki/Compagnie_Nationale_Excelsior
Flaid,Belgium,Former,https://en.wikipedia.org/wiki/Flaid
Ateliers Germain,Belgium,Former,https://en.wikipedia.org/wiki/Ateliers_Germain
Imperia Automobiles,Belgium,Former,https://en.wikipedia.org/wiki/Imperia_Automobiles
Jeecy-Vea,Belgium,Former,https://en.wikipedia.org/wiki/Jeecy-Vea
Juwel,Belgium,Former,https://en.wikipedia.org/wiki/Juwel
Meeussen,Belgium,Former,https://en.wikipedia.org/wiki/Meeussen
Miesse,Belgium,Former,https://en.wikipedia.org/wiki/Miesse
Minerva (automobile),Belgium,Former,https://en.wikipedia.org/wiki/Minerva_(automobile)
Pieper,Belgium,Former,https://en.wikipedia.org/wiki/Pieper
Pipe (car),Belgium,Former,https://en.wikipedia.org/wiki/Pipe_(car)
Ranger (automobile),Belgium,Former,https://en.wikipedia.org/wiki/Ranger_(automobile)
Royal Star,Belgium,Former,https://en.wikipedia.org/wiki/Royal_Star
Springuel,Belgium,Former,https://en.wikipedia.org/wiki/Springuel
Vincke,Belgium,Former,https://en.wikipedia.org/wiki/Vincke
Vivinus,Belgium,Former,https://en.wikipedia.org/wiki/Vivinus
Agrale,Brazil,Active,https://en.wikipedia.org/wiki/Agrale
Chamonix (car),Brazil,Active,https://en.wikipedia.org/wiki/Chamonix_(car)
Tecnologia Automotiva Catarinense,Brazil,Active,https://en.wikipedia.org/wiki/Tecnologia_Automotiva_Catarinense
Volkswagen do Brasil,Brazil,Active,https://en.wikipedia.org/wiki/Volkswagen_do_Brasil
Brasinca Uirapuru,Brazil,Former,https://en.wikipedia.org/wiki/Brasinca_Uirapuru
Dacon,Brazil,Former,https://en.wikipedia.org/wiki/Dacon
Dardo (automobile),Brazil,Former,https://en.wikipedia.org/wiki/Dardo_(automobile)
Engesa,Brazil,Former,https://en.wikipedia.org/wiki/Engesa
Fabral,Brazil,Former,https://en.wikipedia.org/wiki/Fabral
Farus,Brazil,Former,https://en.wikipedia.org/wiki/Farus
Fábrica Nacional de Motores,Brazil,Former,https://en.wikipedia.org/wiki/F%C3%A1brica_Nacional_de_Motores
Gurgel,Brazil,Former,https://en.wikipedia.org/wiki/Gurgel
Hofstetter turbo,Brazil,Former,https://en.wikipedia.org/wiki/Hofstetter_turbo
Lobini,Brazil,Former,https://en.wikipedia.org/wiki/Lobini
MP Lafer,Brazil,Former,https://en.wikipedia.org/wiki/MP_Lafer
Puma (car manufacturer),Brazil,Former,https://en.wikipedia.org/wiki/Puma_(car_manufacturer)
Santa Matilde,Brazil,Former,https://en.wikipedia.org/wiki/Santa_Matilde
Troller,Brazil,Former,https://en.wikipedia.org/wiki/Troller
Willys-Overland,Brazil,Former,https://en.wikipedia.org/wiki/Willys-Overland#The_Brazilian_era
Litex Motors,Bulgaria,Active,https://en.wikipedia.org/wiki/Litex_Motors
SIN Cars,Bulgaria,Active,https://en.wikipedia.org/wiki/SIN_Cars
Bulgaralpine,Bulgaria,Former,https://en.wikipedia.org/wiki/Bulgaralpine
Bulgarrenault,Bulgaria,Former,https://en.wikipedia.org/wiki/Bulgarrenault
Moskvitch (Bulgaria),Bulgaria,Former,https://en.wikipedia.org/wiki/Moskvitch_(Bulgaria)
Pirin-Fiat,Bulgaria,Former,https://en.wikipedia.org/wiki/Pirin-Fiat
Sofia (car),Bulgaria,Former,https://en.wikipedia.org/wiki/Sofia_(car)
Intermeccanica,Canada,Active,https://en.wikipedia.org/wiki/Intermeccanica
Felino Corporation,Canada,Active,https://en.wikipedia.org/wiki/Felino_Corporation
Acadian (automobile),Canada,Former,https://en.wikipedia.org/wiki/Acadian_(automobile)
Amherst (automobile),Canada,Former,https://en.wikipedia.org/wiki/Amherst_(automobile)
Asüna,Canada,Former,https://en.wikipedia.org/wiki/As%C3%BCna
Beaumont (automobile),Canada,Former,https://en.wikipedia.org/wiki/Beaumont_(automobile)
Bricklin automobile,Canada,Former,https://en.wikipedia.org/wiki/Bricklin_automobile
Brock Motors,Canada,Former,https://en.wikipedia.org/wiki/Brock_Motors
Brooks Steam Motors,Canada,Former,https://en.wikipedia.org/wiki/Brooks_Steam_Motors
Colonial Motors,Canada,Former,https://en.wikipedia.org/wiki/Colonial_Motors
Canadian Motor,Canada,Former,https://en.wikipedia.org/wiki/Canadian_Motor
Clinton (automobile),Canada,Former,https://en.wikipedia.org/wiki/Clinton_(automobile)
Colonial Motors,Canada,Former,https://en.wikipedia.org/wiki/Colonial_Motors
Dominion Motors Frontenac,Canada,Former,https://en.wikipedia.org/wiki/Dominion_Motors_Frontenac
Envoy (automobile),Canada,Former,https://en.wikipedia.org/wiki/Envoy_(automobile)
Envoy (automobile),Canada,Former,https://en.wikipedia.org/wiki/Envoy_(automobile)
Frontenac (marque),Canada,Former,https://en.wikipedia.org/wiki/Frontenac_(marque)
Gareau,Canada,Former,https://en.wikipedia.org/wiki/Gareau
Gray-Dort Motors Ltd.,Canada,Former,https://en.wikipedia.org/wiki/Gray-Dort_Motors_Ltd.
London Motors,Canada,Former,https://en.wikipedia.org/wiki/London_Motors
Manic GT,Canada,Former,https://en.wikipedia.org/wiki/Manic_GT
McLaughlin Motor Car Company,Canada,Former,https://en.wikipedia.org/wiki/McLaughlin_Motor_Car_Company
Meteor (car),Canada,Former,https://en.wikipedia.org/wiki/Meteor_(car)
Monarch (marque),Canada,Former,https://en.wikipedia.org/wiki/Monarch_(marque)
Moose Jaw Standard,Canada,Former,https://en.wikipedia.org/wiki/Moose_Jaw_Standard
Queen (Canadian automobile),Canada,Former,https://en.wikipedia.org/wiki/Queen_(Canadian_automobile)
Studebaker Canada Ltd.,Canada,Former,https://en.wikipedia.org/wiki/Studebaker_Canada_Ltd.
James Brockett Tudhope,Canada,Former,https://en.wikipedia.org/wiki/James_Brockett_Tudhope
ZENN,Canada,Former,https://en.wikipedia.org/wiki/ZENN
Aiways,China,Active,https://en.wikipedia.org/wiki/Aiways
BAIC Group,China,Active,https://en.wikipedia.org/wiki/BAIC_Group
Arcfox,China,Active,https://en.wikipedia.org/wiki/Arcfox
BAIC Motor,China,Active,https://en.wikipedia.org/wiki/BAIC_Motor
BAIC Motor,China,Active,https://en.wikipedia.org/wiki/BAIC_Motor
Changhe,China,Active,https://en.wikipedia.org/wiki/Changhe
Foton Motor,China,Active,https://en.wikipedia.org/wiki/Foton_Motor
BAW,China,Active,https://en.wikipedia.org/wiki/BAW
BYD Auto,China,Active,https://en.wikipedia.org/wiki/BYD_Auto
Denza,China,Active,https://en.wikipedia.org/wiki/Denza
Yangwang,China,Active,https://en.wikipedia.org/wiki/Yangwang
Fangchengbao,China,Active,https://en.wikipedia.org/wiki/Fangchengbao
Chang'an Motors,China,Active,https://en.wikipedia.org/wiki/Chang%27an_Motors
Changan Automobile,China,Active,https://en.wikipedia.org/wiki/Changan_Automobile
Deepal,China,Active,https://en.wikipedia.org/wiki/Deepal
Hafei,China,Active,https://en.wikipedia.org/wiki/Hafei
Oshan (marque),China,Active,https://en.wikipedia.org/wiki/Oshan_(marque)
Chery Automobile,China,Active,https://en.wikipedia.org/wiki/Chery_Automobile
Exeed,China,Active,https://en.wikipedia.org/wiki/Exeed
Jetour,China,Active,https://en.wikipedia.org/wiki/Jetour
Dongfeng Motor Corporation,China,Active,https://en.wikipedia.org/wiki/Dongfeng_Motor_Corporation
Dongfeng Fengshen,China,Active,https://en.wikipedia.org/wiki/Dongfeng_Fengshen
Dongfeng Nammi,China,Active,https://en.wikipedia.org/wiki/Dongfeng_Nammi
Venucia,China,Active,https://en.wikipedia.org/wiki/Venucia
Voyah,China,Active,https://en.wikipedia.org/wiki/Voyah
First Automobile Works,China,Active,https://en.wikipedia.org/wiki/First_Automobile_Works
Bestune,China,Active,https://en.wikipedia.org/wiki/Bestune
FAW Tianjin,China,Active,https://en.wikipedia.org/wiki/FAW_Tianjin
Haima Automobile,China,Active,https://en.wikipedia.org/wiki/Haima_Automobile
FAW Hongqi,China,Active,https://en.wikipedia.org/wiki/FAW_Hongqi
Huali,China,Active,https://en.wikipedia.org/wiki/Huali
Fudi,China,Active,https://en.wikipedia.org/wiki/Fudi
Geely Automobile,China,Active,https://en.wikipedia.org/wiki/Geely_Automobile
Geely Auto,China,Active,https://en.wikipedia.org/wiki/Geely_Auto
Geometry (car marque),China,Active,https://en.wikipedia.org/wiki/Geometry_(car_marque)
Lynk & Co,China,Active,https://en.wikipedia.org/wiki/Lynk_%26_Co
Zeekr,China,Active,https://en.wikipedia.org/wiki/Zeekr
Shanghai Maple Guorun Automobile,China,Active,https://en.wikipedia.org/wiki/Shanghai_Maple_Guorun_Automobile
Great Wall Motors,China,Active,https://en.wikipedia.org/wiki/Great_Wall_Motors
Haval (marque),China,Active,https://en.wikipedia.org/wiki/Haval_(marque)
ORA (marque),China,Active,https://en.wikipedia.org/wiki/ORA_(marque)
TANK (marque),China,Active,https://en.wikipedia.org/wiki/TANK_(marque)
Wey (marque),China,Active,https://en.wikipedia.org/wiki/Wey_(marque)
GAC Group,China,Active,https://en.wikipedia.org/wiki/GAC_Group
Aion (car brand),China,Active,https://en.wikipedia.org/wiki/Aion_(car_brand)
Changfeng Motor,China,Active,https://en.wikipedia.org/wiki/Changfeng_Motor
Everus,China,Active,https://en.wikipedia.org/wiki/Everus
Gonow,China,Active,https://en.wikipedia.org/wiki/Gonow
Trumpchi,China,Active,https://en.wikipedia.org/wiki/Trumpchi
Hawtai,China,Active,https://en.wikipedia.org/wiki/Hawtai
Brilliance China Auto,China,Active,https://en.wikipedia.org/wiki/Brilliance_China_Auto
Human Horizons,China,Active,https://en.wikipedia.org/wiki/Human_Horizons
Jinbei (car),China,Active,https://en.wikipedia.org/wiki/Jinbei_(car)
SG Automotive,China,Active,https://en.wikipedia.org/wiki/SG_Automotive
JAC Motors,China,Active,https://en.wikipedia.org/wiki/JAC_Motors
Jiangling Motor,China,Active,https://en.wikipedia.org/wiki/Jiangling_Motor
Jiangling Motors,China,Active,https://en.wikipedia.org/wiki/Jiangling_Motors#JMC_(Jiangling)
Yusheng,China,Active,https://en.wikipedia.org/wiki/Yusheng
Jonway,China,Active,https://en.wikipedia.org/wiki/Jonway
Landwind,China,Active,https://en.wikipedia.org/wiki/Landwind
Leapmotor,China,Active,https://en.wikipedia.org/wiki/Leapmotor
Li Auto,China,Active,https://en.wikipedia.org/wiki/Li_Auto
Lifan Group,China,Active,https://en.wikipedia.org/wiki/Lifan_Group
Huayang Auto,China,Active,https://en.wikipedia.org/wiki/Huayang_Auto
Nanjing Golden Dragon Bus,China,Active,https://en.wikipedia.org/wiki/Nanjing_Golden_Dragon_Bus
Nio Inc.,China,Active,https://en.wikipedia.org/wiki/Nio_Inc.
Qoros,China,Active,https://en.wikipedia.org/wiki/Qoros
SAIC Motor,China,Active,https://en.wikipedia.org/wiki/SAIC_Motor
Baojun,China,Active,https://en.wikipedia.org/wiki/Baojun
IM Motors,China,Active,https://en.wikipedia.org/wiki/IM_Motors
Maxus,China,Active,https://en.wikipedia.org/wiki/Maxus
MG Motor,China,Active,https://en.wikipedia.org/wiki/MG_Motor
Yuejin,China,Active,https://en.wikipedia.org/wiki/Yuejin
Rising Auto,China,Active,https://en.wikipedia.org/wiki/Rising_Auto
Roewe,China,Active,https://en.wikipedia.org/wiki/Roewe
SAIC-GM-Wuling Automobile,China,Active,https://en.wikipedia.org/wiki/SAIC-GM-Wuling_Automobile
Seres Group,China,Active,https://en.wikipedia.org/wiki/Seres_Group
AITO (marque),China,Active,https://en.wikipedia.org/wiki/AITO_(marque)
DFSK Motor,China,Active,https://en.wikipedia.org/wiki/DFSK_Motor
DFSK Motor,China,Active,https://en.wikipedia.org/wiki/DFSK_Motor
Shaanxi Automobile Group,China,Active,https://en.wikipedia.org/wiki/Shaanxi_Automobile_Group
Sichuan Tengzhong Heavy Industrial Machinery Company,China,Active,https://en.wikipedia.org/wiki/Sichuan_Tengzhong_Heavy_Industrial_Machinery_Company
Soueast Motors,China,Active,https://en.wikipedia.org/wiki/Soueast_Motors
Xinkai,China,Active,https://en.wikipedia.org/wiki/Xinkai
XPeng,China,Active,https://en.wikipedia.org/wiki/XPeng
Yema Auto,China,Active,https://en.wikipedia.org/wiki/Yema_Auto
Yutong,China,Active,https://en.wikipedia.org/wiki/Yutong
ZX Auto,China,Active,https://en.wikipedia.org/wiki/ZX_Auto
Xiaomi,China,Active,https://en.wikipedia.org/wiki/Xiaomi
Guangzhou Baolong Motors,China,Former,https://en.wikipedia.org/wiki/Guangzhou_Baolong_Motors
Byton (company),China,Former,https://en.wikipedia.org/wiki/Byton_(company)
Dadi Auto,China,Former,https://en.wikipedia.org/wiki/Dadi_Auto
Polarsun Automobile,China,Former,https://en.wikipedia.org/wiki/Polarsun_Automobile
Senova,China,Former,https://en.wikipedia.org/wiki/Senova
Shuanghuan,China,Former,https://en.wikipedia.org/wiki/Shuanghuan
Youngman,China,Former,https://en.wikipedia.org/wiki/Youngman
Zotye International,China,Former,https://en.wikipedia.org/wiki/Zotye_International
Đuro Đaković (company),Croatia,Active,https://en.wikipedia.org/wiki/%C4%90uro_%C4%90akovi%C4%87_(company)
DOK-ING,Croatia,Active,https://en.wikipedia.org/wiki/DOK-ING
Rimac Automobili,Croatia,Active,https://en.wikipedia.org/wiki/Rimac_Automobili
Tvornica Autobusa Zagreb,Croatia,Former,https://en.wikipedia.org/wiki/Tvornica_Autobusa_Zagreb
Avia,Czech_Republic,Active,https://en.wikipedia.org/wiki/Avia
Jawa Moto,Czech_Republic,Active,https://en.wikipedia.org/wiki/Jawa_Moto
Kaipan,Czech_Republic,Active,https://en.wikipedia.org/wiki/Kaipan
Karosa,Czech_Republic,Active,https://en.wikipedia.org/wiki/Karosa
MTX (automobile),Czech_Republic,Active,https://en.wikipedia.org/wiki/MTX_(automobile)
MW Motors Luka EV,Czech_Republic,Active,https://en.wikipedia.org/wiki/MW_Motors_Luka_EV
Praga (company),Czech_Republic,Active,https://en.wikipedia.org/wiki/Praga_(company)
Škoda Auto,Czech_Republic,Active,https://en.wikipedia.org/wiki/%C5%A0koda_Auto
Tatra (company),Czech_Republic,Active,https://en.wikipedia.org/wiki/Tatra_(company)
Aero (automobile),Czech_Republic,Former,https://en.wikipedia.org/wiki/Aero_(automobile)
Aspa (car),Czech_Republic,Former,https://en.wikipedia.org/wiki/Aspa_(car)
Gatter Autowerk Reichstadt,Czech_Republic,Former,https://en.wikipedia.org/wiki/Gatter_Autowerk_Reichstadt
LIAZ (Czech Republic),Czech_Republic,Former,https://en.wikipedia.org/wiki/LIAZ_(Czech_Republic)
Stelka,Czech_Republic,Former,https://en.wikipedia.org/wiki/Stelka
Velorex,Czech_Republic,Former,https://en.wikipedia.org/wiki/Velorex
Walter Aircraft Engines,Czech_Republic,Former,https://en.wikipedia.org/wiki/Walter_Aircraft_Engines
Wikov,Czech_Republic,Former,https://en.wikipedia.org/wiki/Wikov
Zbrojovka Brno,Czech_Republic,Former,https://en.wikipedia.org/wiki/Zbrojovka_Brno
PVP Karting,Denmark,Active,https://en.wikipedia.org/wiki/PVP_Karting
Zenvo Automotive,Denmark,Active,https://en.wikipedia.org/wiki/Zenvo_Automotive
Anglo-Dane,Denmark,Former,https://en.wikipedia.org/wiki/Anglo-Dane
Brems (automobile),Denmark,Former,https://en.wikipedia.org/wiki/Brems_(automobile)
Dansk (automobile),Denmark,Former,https://en.wikipedia.org/wiki/Dansk_(automobile)
Krampers,Denmark,Former,https://en.wikipedia.org/wiki/Krampers
Speranza Chery,Egypt,Active,https://en.wikipedia.org/wiki/Speranza_Chery
Nasr (car company),Egypt,Former,https://en.wikipedia.org/wiki/Nasr_(car_company)
Nobe GT100,Estonia,,https://en.wikipedia.org/wiki/Nobe_GT100
Holland Car,Ethiopia,,https://en.wikipedia.org/wiki/Holland_Car
Elcat Electric Vehicles,Finland,,https://en.wikipedia.org/wiki/Elcat_Electric_Vehicles
Electric Raceabout,Finland,,https://en.wikipedia.org/wiki/Electric_Raceabout
Korvensuu (car),Finland,,https://en.wikipedia.org/wiki/Korvensuu_(car)
Sisu Auto,Finland,,https://en.wikipedia.org/wiki/Sisu_Auto
Valmet Automotive,Finland,,https://en.wikipedia.org/wiki/Valmet_Automotive
Vanajan Autotehdas,Finland,,https://en.wikipedia.org/wiki/Vanajan_Autotehdas
Valtra,Finland,,https://en.wikipedia.org/wiki/Valtra
Aixam,France,Active,https://en.wikipedia.org/wiki/Aixam
Alpine (automobile),France,Active,https://en.wikipedia.org/wiki/Alpine_(automobile)
Bolloré,France,Active,https://en.wikipedia.org/wiki/Bollor%C3%A9
Bugatti Automobiles,France,Active,https://en.wikipedia.org/wiki/Bugatti_Automobiles
Automobiles Chatenet,France,Active,https://en.wikipedia.org/wiki/Automobiles_Chatenet
Citroën,France,Active,https://en.wikipedia.org/wiki/Citro%C3%ABn
Delage,France,Active,https://en.wikipedia.org/wiki/Delage
De La Chapelle,France,Active,https://en.wikipedia.org/wiki/De_La_Chapelle
DS Automobiles,France,Active,https://en.wikipedia.org/wiki/DS_Automobiles
Ligier,France,Active,https://en.wikipedia.org/wiki/Ligier
Microcar (brand),France,Active,https://en.wikipedia.org/wiki/Microcar_(brand)
Peugeot,France,Active,https://en.wikipedia.org/wiki/Peugeot
PGO (Automobile),France,Active,https://en.wikipedia.org/wiki/PGO_(Automobile)
Renault,France,Active,https://en.wikipedia.org/wiki/Renault
Renault Trucks,France,Active,https://en.wikipedia.org/wiki/Renault_Trucks
Amilcar,France,Former,https://en.wikipedia.org/wiki/Amilcar
Ballot (automobile),France,Former,https://en.wikipedia.org/wiki/Ballot_(automobile)
Berliet,France,Former,https://en.wikipedia.org/wiki/Berliet
Chenard-Walcker,France,Former,https://en.wikipedia.org/wiki/Chenard-Walcker
Automobiles Darracq France,France,Former,https://en.wikipedia.org/wiki/Automobiles_Darracq_France
DB (car),France,Former,https://en.wikipedia.org/wiki/DB_(car)
De Dion-Bouton,France,Former,https://en.wikipedia.org/wiki/De_Dion-Bouton
Delahaye,France,Former,https://en.wikipedia.org/wiki/Delahaye
Facel Vega,France,Former,https://en.wikipedia.org/wiki/Facel_Vega
Gobron-Brillié,France,Former,https://en.wikipedia.org/wiki/Gobron-Brilli%C3%A9
Hotchkiss (car),France,Former,https://en.wikipedia.org/wiki/Hotchkiss_(car)
Lorraine-Dietrich,France,Former,https://en.wikipedia.org/wiki/Lorraine-Dietrich
Mathis (automobile),France,Former,https://en.wikipedia.org/wiki/Mathis_(automobile)
Matra,France,Former,https://en.wikipedia.org/wiki/Matra
Panhard,France,Former,https://en.wikipedia.org/wiki/Panhard
Panhard et Levassor,France,Former,https://en.wikipedia.org/wiki/Panhard_et_Levassor
Automobiles L. Rosengart,France,Former,https://en.wikipedia.org/wiki/Automobiles_L._Rosengart
Salmson,France,Former,https://en.wikipedia.org/wiki/Salmson
Saviem,France,Former,https://en.wikipedia.org/wiki/Saviem
Simca,France,Former,https://en.wikipedia.org/wiki/Simca
Automobiles Talbot France,France,Former,https://en.wikipedia.org/wiki/Automobiles_Talbot_France
Talbot-Lago,France,Former,https://en.wikipedia.org/wiki/Talbot-Lago
Tracta,France,Former,https://en.wikipedia.org/wiki/Tracta
VELAM,France,Former,https://en.wikipedia.org/wiki/VELAM
Vespa 400,France,Former,https://en.wikipedia.org/wiki/Vespa_400
Avions Voisin,France,Former,https://en.wikipedia.org/wiki/Avions_Voisin
9ff,Germany,Active,https://en.wikipedia.org/wiki/9ff
ABT Sportsline,Germany,Active,https://en.wikipedia.org/wiki/ABT_Sportsline
Audi,Germany,Active,https://en.wikipedia.org/wiki/Audi
Alpina,Germany,Active,https://en.wikipedia.org/wiki/Alpina
Mercedes-AMG,Germany,Active,https://en.wikipedia.org/wiki/Mercedes-AMG
Artega Automobile,Germany,Active,https://en.wikipedia.org/wiki/Artega_Automobile
BMW,Germany,Active,https://en.wikipedia.org/wiki/BMW
BMW M,Germany,Active,https://en.wikipedia.org/wiki/BMW_M
Brabus,Germany,Active,https://en.wikipedia.org/wiki/Brabus
CityEl,Germany,Active,https://en.wikipedia.org/wiki/CityEl
Ford-Werke GmbH,Germany,Active,https://en.wikipedia.org/wiki/Ford-Werke_GmbH
Gemballa,Germany,Active,https://en.wikipedia.org/wiki/Gemballa
Isdera AG,Germany,Active,https://en.wikipedia.org/wiki/Isdera_AG
Lotec,Germany,Active,https://en.wikipedia.org/wiki/Lotec
Magirus,Germany,Active,https://en.wikipedia.org/wiki/Magirus
MAN Truck & Bus,Germany,Active,https://en.wikipedia.org/wiki/MAN_Truck_%26_Bus
Maybach,Germany,Active,https://en.wikipedia.org/wiki/Maybach
Melkus,Germany,Active,https://en.wikipedia.org/wiki/Melkus
Mercedes-Benz,Germany,Active,https://en.wikipedia.org/wiki/Mercedes-Benz
Opel,Germany,Active,https://en.wikipedia.org/wiki/Opel
Porsche,Germany,Active,https://en.wikipedia.org/wiki/Porsche
Ruf Automobile,Germany,Active,https://en.wikipedia.org/wiki/Ruf_Automobile
Smart (marque),Germany,Active,https://en.wikipedia.org/wiki/Smart_(marque)
TechArt,Germany,Active,https://en.wikipedia.org/wiki/TechArt
Volkswagen,Germany,Active,https://en.wikipedia.org/wiki/Volkswagen
Wiesmann,Germany,Active,https://en.wikipedia.org/wiki/Wiesmann
Amphicar,Germany,Former,https://en.wikipedia.org/wiki/Amphicar
Apal,Germany,Former,https://en.wikipedia.org/wiki/Apal
Auto Union,Germany,Former,https://en.wikipedia.org/wiki/Auto_Union
Bitter (automobile),Germany,Former,https://en.wikipedia.org/wiki/Bitter_(automobile)
Borgward,Germany,Former,https://en.wikipedia.org/wiki/Borgward
DKW,Germany,Former,https://en.wikipedia.org/wiki/DKW
Gatter Autowerk Reichstadt,Germany,Former,https://en.wikipedia.org/wiki/Gatter_Autowerk_Reichstadt
Glas (company),Germany,Former,https://en.wikipedia.org/wiki/Glas_(company)
Goliath (company),Germany,Former,https://en.wikipedia.org/wiki/Goliath_(company)
Hansa (company),Germany,Former,https://en.wikipedia.org/wiki/Hansa_(company)
Heinkel Kabine,Germany,Former,https://en.wikipedia.org/wiki/Heinkel_Kabine
Horch,Germany,Former,https://en.wikipedia.org/wiki/Horch
North German Automobile and Engine,Germany,Former,https://en.wikipedia.org/wiki/North_German_Automobile_and_Engine
Maybach,Germany,Former,https://en.wikipedia.org/wiki/Maybach
Mercedes (marque),Germany,Former,https://en.wikipedia.org/wiki/Mercedes_(marque)
Messerschmitt,Germany,Former,https://en.wikipedia.org/wiki/Messerschmitt#Post-war
NSU Motorenwerke,Germany,Former,https://en.wikipedia.org/wiki/NSU_Motorenwerke
Trabant,Germany,Former,https://en.wikipedia.org/wiki/Trabant
Porsche 914,Germany,Former,https://en.wikipedia.org/wiki/Porsche_914
Wanderer (company),Germany,Former,https://en.wikipedia.org/wiki/Wanderer_(company)
Wartburg (marque),Germany,Former,https://en.wikipedia.org/wiki/Wartburg_(marque)
Kantanka Automobile,Ghana,,https://en.wikipedia.org/wiki/Kantanka_Automobile
ELVO,Greece,Active,https://en.wikipedia.org/wiki/ELVO
Kioleides,Greece,Active,https://en.wikipedia.org/wiki/Kioleides
Keraboss Super K,Greece,Active,https://en.wikipedia.org/wiki/Keraboss_Super_K
Korres (Engineering),Greece,Active,https://en.wikipedia.org/wiki/Korres_(Engineering)
Namco (automobiles),Greece,Active,https://en.wikipedia.org/wiki/Namco_(automobiles)
RCH (cars),Greece,Active,https://en.wikipedia.org/wiki/RCH_(cars)
Alta (vehicles),Greece,Former,https://en.wikipedia.org/wiki/Alta_(vehicles)
Attica (automobiles),Greece,Former,https://en.wikipedia.org/wiki/Attica_(automobiles)
Autokinitoviomihania Ellados,Greece,Former,https://en.wikipedia.org/wiki/Autokinitoviomihania_Ellados
Automeccanica,Greece,Former,https://en.wikipedia.org/wiki/Automeccanica
Balkania (trade name),Greece,Former,https://en.wikipedia.org/wiki/Balkania_(trade_name)
Biotechnia Ellinikon Trikyklon,Greece,Former,https://en.wikipedia.org/wiki/Biotechnia_Ellinikon_Trikyklon
Biamax,Greece,Former,https://en.wikipedia.org/wiki/Biamax
C.AR (automobiles),Greece,Former,https://en.wikipedia.org/wiki/C.AR_(automobiles)
Candia (vehicles),Greece,Former,https://en.wikipedia.org/wiki/Candia_(vehicles)
Diana (agricultural machinery),Greece,Former,https://en.wikipedia.org/wiki/Diana_(agricultural_machinery)
DIM (automobiles),Greece,Former,https://en.wikipedia.org/wiki/DIM_(automobiles)
EBIAM,Greece,Former,https://en.wikipedia.org/wiki/EBIAM
Hercules (vehicles),Greece,Former,https://en.wikipedia.org/wiki/Hercules_(vehicles)
MAVA-Renault,Greece,Former,https://en.wikipedia.org/wiki/MAVA-Renault
MEBEA,Greece,Former,https://en.wikipedia.org/wiki/MEBEA
Neorion,Greece,Former,https://en.wikipedia.org/wiki/Neorion
Pan-Car,Greece,Former,https://en.wikipedia.org/wiki/Pan-Car
Record (agricultural vehicles),Greece,Former,https://en.wikipedia.org/wiki/Record_(agricultural_vehicles)
Scavas,Greece,Former,https://en.wikipedia.org/wiki/Scavas
Styl Kar,Greece,Former,https://en.wikipedia.org/wiki/Styl_Kar
Tangalakis-Temax,Greece,Former,https://en.wikipedia.org/wiki/Tangalakis-Temax
Theologou,Greece,Former,https://en.wikipedia.org/wiki/Theologou
Rába (company),Hungary,Active,https://en.wikipedia.org/wiki/R%C3%A1ba_(company)
Csepel Automobile Factory,Hungary,Former,https://en.wikipedia.org/wiki/Csepel_Automobile_Factory
Csonka (automobile),Hungary,Former,https://en.wikipedia.org/wiki/Csonka_(automobile)
Fejes,Hungary,Former,https://en.wikipedia.org/wiki/Fejes
Ikarus (Hungarian company),Hungary,Former,https://en.wikipedia.org/wiki/Ikarus_(Hungarian_company)
Hungarian General Machine Factory,Hungary,Former,https://en.wikipedia.org/wiki/Hungarian_General_Machine_Factory
Ashok Leyland,India,Active,https://en.wikipedia.org/wiki/Ashok_Leyland
Bajaj Auto,India,Active,https://en.wikipedia.org/wiki/Bajaj_Auto
Eicher Motors,India,Active,https://en.wikipedia.org/wiki/Eicher_Motors
Force Motors,India,Active,https://en.wikipedia.org/wiki/Force_Motors
Mahindra & Mahindra,India,Active,https://en.wikipedia.org/wiki/Mahindra_%26_Mahindra
Maruti Suzuki,India,Active,https://en.wikipedia.org/wiki/Maruti_Suzuki
Tata Motors,India,Active,https://en.wikipedia.org/wiki/Tata_Motors
Chinkara Motors,India,Former,https://en.wikipedia.org/wiki/Chinkara_Motors
Hindustan Motors,India,Former,https://en.wikipedia.org/wiki/Hindustan_Motors
ICML motors,India,Former,https://en.wikipedia.org/wiki/ICML_motors
Maruti Suzuki,India,Former,https://en.wikipedia.org/wiki/Maruti_Suzuki
Premier Automobiles Limited,India,Former,https://en.wikipedia.org/wiki/Premier_Automobiles_Limited
Mahindra Reva,India,Former,https://en.wikipedia.org/wiki/Mahindra_Reva
Sipani,India,Former,https://en.wikipedia.org/wiki/Sipani
Standard (Indian automobile),India,Former,https://en.wikipedia.org/wiki/Standard_(Indian_automobile)
Esemka,Current,,https://en.wikipedia.org/wiki/Esemka
Pindad,Current,,https://en.wikipedia.org/wiki/Pindad
Timor Putra Nasional,Defunct,,https://en.wikipedia.org/wiki/Timor_Putra_Nasional
Bahman Group,Iran,,https://en.wikipedia.org/wiki/Bahman_Group
Diar,Iran,,https://en.wikipedia.org/wiki/Diar
Iran Khodro,Iran,,https://en.wikipedia.org/wiki/Iran_Khodro
Khodro Kaveer,Iran,,https://en.wikipedia.org/wiki/Khodro_Kaveer
Kish Khodro,Iran,,https://en.wikipedia.org/wiki/Kish_Khodro
Morattab,Iran,,https://en.wikipedia.org/wiki/Morattab
Modiran Vehicle Manufacturing Company,Iran,,https://en.wikipedia.org/wiki/Modiran_Vehicle_Manufacturing_Company
Pars Khodro,Iran,,https://en.wikipedia.org/wiki/Pars_Khodro
Paykan,Iran,,https://en.wikipedia.org/wiki/Paykan
SAIPA,Iran,,https://en.wikipedia.org/wiki/SAIPA
Shahab Khodro,Iran,,https://en.wikipedia.org/wiki/Shahab_Khodro
Zagross Khodro,Iran,,https://en.wikipedia.org/wiki/Zagross_Khodro
Shamrock (car),Ireland,,https://en.wikipedia.org/wiki/Shamrock_(car)
TMC Costin,Ireland,,https://en.wikipedia.org/wiki/TMC_Costin
Alesbury,Ireland,,https://en.wikipedia.org/wiki/Alesbury
GAC Ireland,Ireland,,https://en.wikipedia.org/wiki/GAC_Ireland
Automotive Industries,Israel,Active,https://en.wikipedia.org/wiki/Automotive_Industries
Plasan,Israel,Active,https://en.wikipedia.org/wiki/Plasan
Autocars Co.,Israel,Former,https://en.wikipedia.org/wiki/Autocars_Co.
Kaiser-Frazer,Israel,Former,https://en.wikipedia.org/wiki/Kaiser-Frazer#Kaiser_in_Israel
Abarth,Italy,Active,https://en.wikipedia.org/wiki/Abarth
Alfa Romeo,Italy,Active,https://en.wikipedia.org/wiki/Alfa_Romeo
Casalini,Italy,Active,https://en.wikipedia.org/wiki/Casalini
Cizeta,Italy,Active,https://en.wikipedia.org/wiki/Cizeta
De Tomaso,Italy,Active,https://en.wikipedia.org/wiki/De_Tomaso
DR Automobiles,Italy,Active,https://en.wikipedia.org/wiki/DR_Automobiles
Ferrari,Italy,Active,https://en.wikipedia.org/wiki/Ferrari
Fiat Automobiles,Italy,Active,https://en.wikipedia.org/wiki/Fiat_Automobiles
Mazzanti Automobili,Italy,Active,https://en.wikipedia.org/wiki/Mazzanti_Automobili
Giannini Automobili,Italy,Active,https://en.wikipedia.org/wiki/Giannini_Automobili
Giottiline,Italy,Active,https://en.wikipedia.org/wiki/Giottiline
Grecav,Italy,Active,https://en.wikipedia.org/wiki/Grecav
Italdesign,Italy,Active,https://en.wikipedia.org/wiki/Italdesign
Iveco,Italy,Active,https://en.wikipedia.org/wiki/Iveco
Lamborghini,Italy,Active,https://en.wikipedia.org/wiki/Lamborghini
Lancia,Italy,Active,https://en.wikipedia.org/wiki/Lancia
Maserati,Italy,Active,https://en.wikipedia.org/wiki/Maserati
Mazzanti Automobili,Italy,Active,https://en.wikipedia.org/wiki/Mazzanti_Automobili
Pagani (company),Italy,Active,https://en.wikipedia.org/wiki/Pagani_(company)
Piaggio,Italy,Active,https://en.wikipedia.org/wiki/Piaggio
Pininfarina,Italy,Active,https://en.wikipedia.org/wiki/Pininfarina
Qvale,Italy,Active,https://en.wikipedia.org/wiki/Qvale
Ruf Automobile,Italy,Active,https://en.wikipedia.org/wiki/Ruf_Automobile
Spada Codatronca,Italy,Active,https://en.wikipedia.org/wiki/Spada_Codatronca
ASA (automobile),Italy,Former,https://en.wikipedia.org/wiki/ASA_(automobile)
Autobianchi,Italy,Former,https://en.wikipedia.org/wiki/Autobianchi
Gruppo Bertone,Italy,Former,https://en.wikipedia.org/wiki/Gruppo_Bertone
Bizzarrini,Italy,Former,https://en.wikipedia.org/wiki/Bizzarrini
Cisitalia,Italy,Former,https://en.wikipedia.org/wiki/Cisitalia
Covini Engineering,Italy,Former,https://en.wikipedia.org/wiki/Covini_Engineering
Innocenti,Italy,Former,https://en.wikipedia.org/wiki/Innocenti
Intermeccanica,Italy,Former,https://en.wikipedia.org/wiki/Intermeccanica
Iso (automobile),Italy,Former,https://en.wikipedia.org/wiki/Iso_(automobile)
O.S.C.A.,Italy,Former,https://en.wikipedia.org/wiki/O.S.C.A.
Siata,Italy,Former,https://en.wikipedia.org/wiki/Siata
Sony Honda Mobility,Japan,Active,https://en.wikipedia.org/wiki/Sony_Honda_Mobility
Aspark,Japan,Active,https://en.wikipedia.org/wiki/Aspark
Daihatsu,Japan,Active,https://en.wikipedia.org/wiki/Daihatsu
Lexus,Japan,Active,https://en.wikipedia.org/wiki/Lexus
Honda,Japan,Active,https://en.wikipedia.org/wiki/Honda
Acura,Japan,Active,https://en.wikipedia.org/wiki/Acura
Isuzu,Japan,Active,https://en.wikipedia.org/wiki/Isuzu
Mazda,Japan,Active,https://en.wikipedia.org/wiki/Mazda
Mitsubishi Motors,Japan,Active,https://en.wikipedia.org/wiki/Mitsubishi_Motors
Mitsuoka,Japan,Active,https://en.wikipedia.org/wiki/Mitsuoka
Nissan,Japan,Active,https://en.wikipedia.org/wiki/Nissan
Nissan GT-R,Japan,Active,https://en.wikipedia.org/wiki/Nissan_GT-R
Nismo,Japan,Active,https://en.wikipedia.org/wiki/Nismo
Infiniti,Japan,Active,https://en.wikipedia.org/wiki/Infiniti
Subaru,Japan,Active,https://en.wikipedia.org/wiki/Subaru
Suzuki,Japan,Active,https://en.wikipedia.org/wiki/Suzuki
Toyota,Japan,Active,https://en.wikipedia.org/wiki/Toyota
Yamaha Motor,Japan,Active,https://en.wikipedia.org/wiki/Yamaha_Motor
Amati Cars,Japan,Former,https://en.wikipedia.org/wiki/Amati_Cars
Autozam,Japan,Former,https://en.wikipedia.org/wiki/Autozam
Colt Car Company,Japan,Former,https://en.wikipedia.org/wiki/Colt_Car_Company
Datsun,Japan,Former,https://en.wikipedia.org/wiki/Datsun
Ɛ̃fini,Japan,Former,https://en.wikipedia.org/wiki/%C6%90%CC%83fini
Eunos (automobile),Japan,Former,https://en.wikipedia.org/wiki/Eunos_(automobile)
Hino Contessa,Japan,Former,https://en.wikipedia.org/wiki/Hino_Contessa
Prince Motor Company,Japan,Former,https://en.wikipedia.org/wiki/Prince_Motor_Company
Scion (automobile),Japan,Former,https://en.wikipedia.org/wiki/Scion_(automobile)
Toyopet,Japan,Former,https://en.wikipedia.org/wiki/Toyopet
Mobius Motors,Kenya,,https://en.wikipedia.org/wiki/Mobius_Motors
Nyayo Car,Kenya,,https://en.wikipedia.org/wiki/Nyayo_Car
Jehle,Liechtenstein,,https://en.wikipedia.org/wiki/Jehle
Orca Engineering,Liechtenstein,,https://en.wikipedia.org/wiki/Orca_Engineering
Karenjy,Madagascar,,https://en.wikipedia.org/wiki/Karenjy
Bufori,Malaysia,,https://en.wikipedia.org/wiki/Bufori
Proton Holdings,Malaysia,,https://en.wikipedia.org/wiki/Proton_Holdings
Perodua,Malaysia,,https://en.wikipedia.org/wiki/Perodua
TD2000,Malaysia,,https://en.wikipedia.org/wiki/TD2000
Inokom,Malaysia,,https://en.wikipedia.org/wiki/Inokom
Naza,Malaysia,,https://en.wikipedia.org/wiki/Naza
HICOM Automotive Manufacturers (Malaysia),Malaysia,,https://en.wikipedia.org/wiki/HICOM_Automotive_Manufacturers_(Malaysia)
DINA S.A.,Mexico,,https://en.wikipedia.org/wiki/DINA_S.A.
Mastretta,Mexico,,https://en.wikipedia.org/wiki/Mastretta
Vehículos Automotores Mexicanos,Mexico,,https://en.wikipedia.org/wiki/Veh%C3%ADculos_Automotores_Mexicanos
Zacua,Mexico,,https://en.wikipedia.org/wiki/Zacua
Venturi Automobiles,Monaco,,https://en.wikipedia.org/wiki/Venturi_Automobiles
Laraki,Morocco,,https://en.wikipedia.org/wiki/Laraki
Uri International Vehicle & Equipment Marketing,Namibia,,https://en.wikipedia.org/wiki/Uri_International_Vehicle_%26_Equipment_Marketing
Hulas Motors,Nepal,,https://en.wikipedia.org/wiki/Hulas_Motors
Donkervoort,Netherlands,Active,https://en.wikipedia.org/wiki/Donkervoort
DAF Trucks,Netherlands,Active,https://en.wikipedia.org/wiki/DAF_Trucks
Savage Rivale Roadyacht GTS,Netherlands,Active,https://en.wikipedia.org/wiki/Savage_Rivale_Roadyacht_GTS
Spyker Cars,Netherlands,Active,https://en.wikipedia.org/wiki/Spyker_Cars
Vencer,Netherlands,Active,https://en.wikipedia.org/wiki/Vencer
DAF Cars,Netherlands,Former,https://en.wikipedia.org/wiki/DAF_Cars
Spyker,Netherlands,Former,https://en.wikipedia.org/wiki/Spyker
Eysink,Netherlands,Former,https://en.wikipedia.org/wiki/Eysink
VDL Nedcar,Netherlands,Former,https://en.wikipedia.org/wiki/VDL_Nedcar
Almac (automobile),New_Zealand,Active,https://en.wikipedia.org/wiki/Almac_(automobile)
Alternative Cars Limited (New Zealand),New_Zealand,Active,https://en.wikipedia.org/wiki/Alternative_Cars_Limited_(New_Zealand)
Chevron Engineering Ltd,New_Zealand,Active,https://en.wikipedia.org/wiki/Chevron_Engineering_Ltd
Fraser Clubman,New_Zealand,Active,https://en.wikipedia.org/wiki/Fraser_Clubman
Hulme F1,New_Zealand,Active,https://en.wikipedia.org/wiki/Hulme_F1
Leitch Super Sprint,New_Zealand,Active,https://en.wikipedia.org/wiki/Leitch_Super_Sprint
Saker Cars,New_Zealand,Active,https://en.wikipedia.org/wiki/Saker_Cars
Anziel Nova,New_Zealand,Former,https://en.wikipedia.org/wiki/Anziel_Nova
Beattie (automobile),New_Zealand,Former,https://en.wikipedia.org/wiki/Beattie_(automobile)
Marlborough (automobile),New_Zealand,Former,https://en.wikipedia.org/wiki/Marlborough_(automobile)
Cobra (car),New_Zealand,Former,https://en.wikipedia.org/wiki/Cobra_(car)
Hamilton Walker (New Zealand),New_Zealand,Former,https://en.wikipedia.org/wiki/Hamilton_Walker_(New_Zealand)
De Joux (car),New_Zealand,Former,https://en.wikipedia.org/wiki/De_Joux_(car)
Frederick Dennison,New_Zealand,Former,https://en.wikipedia.org/wiki/Frederick_Dennison
Everson aircraft,New_Zealand,Former,https://en.wikipedia.org/wiki/Everson_aircraft
Heron Cars,New_Zealand,Former,https://en.wikipedia.org/wiki/Heron_Cars
Marlborough (automobile),New_Zealand,Former,https://en.wikipedia.org/wiki/Marlborough_(automobile)
Graham McRae,New_Zealand,Former,https://en.wikipedia.org/wiki/Graham_McRae
Microplas,New_Zealand,Former,https://en.wikipedia.org/wiki/Microplas
Beattie (automobile),New_Zealand,Former,https://en.wikipedia.org/wiki/Beattie_(automobile)
Lotus Seven,New_Zealand,Former,https://en.wikipedia.org/wiki/Lotus_Seven
Trekka,New_Zealand,Former,https://en.wikipedia.org/wiki/Trekka
UltraCommuter,New_Zealand,Former,https://en.wikipedia.org/wiki/UltraCommuter
Cecil Wood (engineer),New_Zealand,Former,https://en.wikipedia.org/wiki/Cecil_Wood_(engineer)
Izuogu Z-600,Nigeria,,https://en.wikipedia.org/wiki/Izuogu_Z-600
Innoson Vehicle Manufacturing,Nigeria,,https://en.wikipedia.org/wiki/Innoson_Vehicle_Manufacturing
Pyeonghwa Motors,North_Korea,,https://en.wikipedia.org/wiki/Pyeonghwa_Motors
Sungri Motor Plant,North_Korea,,https://en.wikipedia.org/wiki/Sungri_Motor_Plant
Kongsberg Automotive,Norway,,https://en.wikipedia.org/wiki/Kongsberg_Automotive
Bjering (car),Norway,Former,https://en.wikipedia.org/wiki/Bjering_(car)
Buddy (electric car),Norway,Former,https://en.wikipedia.org/wiki/Buddy_(electric_car)
C. Geijer & Co,Norway,Former,https://en.wikipedia.org/wiki/C._Geijer_%26_Co
Norsk (marque),Norway,Former,https://en.wikipedia.org/wiki/Norsk_(marque)
Think Global,Norway,Former,https://en.wikipedia.org/wiki/Think_Global
Troll (automobile),Norway,Former,https://en.wikipedia.org/wiki/Troll_(automobile)
Atlas Honda,Pakistan,Active,https://en.wikipedia.org/wiki/Atlas_Honda
Honda Atlas Cars,Pakistan,Active,https://en.wikipedia.org/wiki/Honda_Atlas_Cars
Al Haj FAW Motors,Pakistan,Active,https://en.wikipedia.org/wiki/Al_Haj_FAW_Motors
Ghandhara Nissan,Pakistan,Active,https://en.wikipedia.org/wiki/Ghandhara_Nissan
Ghandhara Industries Limited,Pakistan,Active,https://en.wikipedia.org/wiki/Ghandhara_Industries_Limited
Heavy Industries Taxila,Pakistan,Active,https://en.wikipedia.org/wiki/Heavy_Industries_Taxila
Hinopak Motors,Pakistan,Active,https://en.wikipedia.org/wiki/Hinopak_Motors
Master Motors,Pakistan,Active,https://en.wikipedia.org/wiki/Master_Motors
Millat Tractors,Pakistan,Active,https://en.wikipedia.org/wiki/Millat_Tractors
Pak Suzuki Motors,Pakistan,Active,https://en.wikipedia.org/wiki/Pak_Suzuki_Motors
Toyota Indus,Pakistan,Active,https://en.wikipedia.org/wiki/Toyota_Indus
Yamaha Motor Pakistan,Pakistan,Active,https://en.wikipedia.org/wiki/Yamaha_Motor_Pakistan
Sazgar,Pakistan,Active,https://en.wikipedia.org/wiki/Sazgar
Hyundai Nishat Motors,Pakistan,Active,https://en.wikipedia.org/wiki/Hyundai_Nishat_Motors
Kia Lucky Motors,Pakistan,Active,https://en.wikipedia.org/wiki/Kia_Lucky_Motors
United Auto Industries,Pakistan,Active,https://en.wikipedia.org/wiki/United_Auto_Industries
DFSK (Sokon),Pakistan,Active,https://en.wikipedia.org/wiki/DFSK_(Sokon)#Prince_Pearl
MG JW Automobile,Pakistan,Active,https://en.wikipedia.org/wiki/MG_JW_Automobile
Adam Motor Company,Pakistan,Former,https://en.wikipedia.org/wiki/Adam_Motor_Company
Nexus Automotive,Pakistan,Former,https://en.wikipedia.org/wiki/Nexus_Automotive
Dewan Farooque Motors,Pakistan,Former,https://en.wikipedia.org/wiki/Dewan_Farooque_Motors
Arrinera,Poland,,https://en.wikipedia.org/wiki/Arrinera
Fabryka Samochodów Osobowych,Poland,,https://en.wikipedia.org/wiki/Fabryka_Samochod%C3%B3w_Osobowych
Melex,Poland,,https://en.wikipedia.org/wiki/Melex
Polski Fiat,Poland,,https://en.wikipedia.org/wiki/Polski_Fiat
UMM (União Metalo-Mecânica),Portugal,Former,https://en.wikipedia.org/wiki/UMM_(Uni%C3%A3o_Metalo-Mec%C3%A2nica)
Portaro,Portugal,Former,https://en.wikipedia.org/wiki/Portaro
Automobile Dacia,Romania,Active,https://en.wikipedia.org/wiki/Automobile_Dacia
Ford Romania,Romania,Active,https://en.wikipedia.org/wiki/Ford_Romania
Oltcit,Romania,Former,https://en.wikipedia.org/wiki/Oltcit
ARO,Romania,Former,https://en.wikipedia.org/wiki/ARO
Automobile Craiova,Romania,Former,https://en.wikipedia.org/wiki/Automobile_Craiova
El Car,Romania,Former,https://en.wikipedia.org/wiki/El_Car
Atom,Russia,Active,https://en.wikipedia.org/wiki/Atom
Aurus Motors,Russia,Active,https://en.wikipedia.org/wiki/Aurus_Motors
Evolute,Russia,Active,https://en.wikipedia.org/wiki/Evolute
GAZ,Russia,Active,https://en.wikipedia.org/wiki/GAZ
Lada,Russia,Active,https://en.wikipedia.org/wiki/Lada
Moskvich,Russia,Active,https://en.wikipedia.org/wiki/Moskvich
KamAZ,Russia,Active,https://en.wikipedia.org/wiki/KamAZ
UAZ,Russia,Active,https://en.wikipedia.org/wiki/UAZ
Sollers JSC,Russia,Active,https://en.wikipedia.org/wiki/Sollers_JSC
BelAZ,Russia,Active,https://en.wikipedia.org/wiki/BelAZ
Derways Automobile Company,Russia,Former,https://en.wikipedia.org/wiki/Derways_Automobile_Company
Kalashnikov Concern,Russia,Former,https://en.wikipedia.org/wiki/Kalashnikov_Concern
Marussia,Russia,Former,https://en.wikipedia.org/wiki/Marussia
Russo-Balt,Russia,Former,https://en.wikipedia.org/wiki/Russo-Balt
TagAZ,Russia,Former,https://en.wikipedia.org/wiki/TagAZ
ZiL,Russia,Former,https://en.wikipedia.org/wiki/ZiL
Ceer Motors,Saudi_Arabia,,https://en.wikipedia.org/wiki/Ceer_Motors
FCA Srbija,Serbia,Active,https://en.wikipedia.org/wiki/FCA_Srbija
Zastava TERVO,Serbia,Active,https://en.wikipedia.org/wiki/Zastava_TERVO
IDA-Opel,Serbia,Former,https://en.wikipedia.org/wiki/IDA-Opel
Zastava Koral,Serbia,Former,https://en.wikipedia.org/wiki/Zastava_Koral
Zastava Automobiles,Serbia,Former,https://en.wikipedia.org/wiki/Zastava_Automobiles
K-1 Attack,Slovakia,Active,https://en.wikipedia.org/wiki/K-1_Attack
sk:Troliga Bus,Slovakia,Active,https://en.wikipedia.orghttps://sk.wikipedia.org/wiki/Troliga_Bus
sk:Granus,Slovakia,Former,https://en.wikipedia.orghttps://sk.wikipedia.org/wiki/Granus
sk:Novoplan,Slovakia,Former,https://en.wikipedia.orghttps://sk.wikipedia.org/wiki/Novoplan
sk:SlovBus,Slovakia,Former,https://en.wikipedia.orghttps://sk.wikipedia.org/wiki/SlovBus
Trnavské automobilové závody,Slovakia,Former,https://en.wikipedia.org/wiki/Trnavsk%C3%A9_automobilov%C3%A9_z%C3%A1vody
Revoz,Slovenia,Active,https://en.wikipedia.org/wiki/Revoz
Tovarna avtomobilov Maribor,Slovenia,Former,https://en.wikipedia.org/wiki/Tovarna_avtomobilov_Maribor
Tushek,Slovenia,Former,https://en.wikipedia.org/wiki/Tushek
Birkin Cars,South_Africa,Active,https://en.wikipedia.org/wiki/Birkin_Cars
Perana Performance Group,South_Africa,Active,https://en.wikipedia.org/wiki/Perana_Performance_Group
Puma (car manufacturer),South_Africa,Active,https://en.wikipedia.org/wiki/Puma_(car_manufacturer)
Advanced Automotive Design,South_Africa,Active,https://en.wikipedia.org/wiki/Advanced_Automotive_Design
Superformance,South_Africa,Active,https://en.wikipedia.org/wiki/Superformance
Uri International Vehicle & Equipment Marketing,South_Africa,Active,https://en.wikipedia.org/wiki/Uri_International_Vehicle_%26_Equipment_Marketing
Automotive Design and Development,South_Africa,Former,https://en.wikipedia.org/wiki/Automotive_Design_and_Development
Glass Sport Motors,South_Africa,Former,https://en.wikipedia.org/wiki/Glass_Sport_Motors
Glass Sport Motors,South_Africa,Former,https://en.wikipedia.org/wiki/Glass_Sport_Motors
Superformance,South_Africa,Former,https://en.wikipedia.org/wiki/Superformance
Optimal Energy Joule,South_Africa,Former,https://en.wikipedia.org/wiki/Optimal_Energy_Joule
Basil Green Motors,South_Africa,Former,https://en.wikipedia.org/wiki/Basil_Green_Motors
Protea (car),South_Africa,Former,https://en.wikipedia.org/wiki/Protea_(car)
Ranger (car),South_Africa,Former,https://en.wikipedia.org/wiki/Ranger_(car)
Sao Penza,South_Africa,Former,https://en.wikipedia.org/wiki/Sao_Penza
Chevrolet,South_Korea,Active,https://en.wikipedia.org/wiki/Chevrolet
CT&T United,South_Korea,Active,https://en.wikipedia.org/wiki/CT%26T_United
Genesis Motors,South_Korea,Active,https://en.wikipedia.org/wiki/Genesis_Motors
Hyundai Motor Company,South_Korea,Active,https://en.wikipedia.org/wiki/Hyundai_Motor_Company
Kia Motors,South_Korea,Active,https://en.wikipedia.org/wiki/Kia_Motors
Renault Samsung Motors,South_Korea,Active,https://en.wikipedia.org/wiki/Renault_Samsung_Motors
SsangYong Motor,South_Korea,Active,https://en.wikipedia.org/wiki/SsangYong_Motor
Asia Motors,South_Korea,Former,https://en.wikipedia.org/wiki/Asia_Motors
Daewoo Motors,South_Korea,Former,https://en.wikipedia.org/wiki/Daewoo_Motors
Saehan Motors,South_Korea,Former,https://en.wikipedia.org/wiki/Saehan_Motors
Proto Motors,South_Korea,Former,https://en.wikipedia.org/wiki/Proto_Motors
Saehan Motors,South_Korea,Former,https://en.wikipedia.org/wiki/Saehan_Motors
Daewoo Motors,South_Korea,Former,https://en.wikipedia.org/wiki/Daewoo_Motors
Shinjin Motors,South_Korea,Former,https://en.wikipedia.org/wiki/Shinjin_Motors
Spirra,South_Korea,Former,https://en.wikipedia.org/wiki/Spirra
Aspid,Spain,Active,https://en.wikipedia.org/wiki/Aspid
Comarth,Spain,Active,https://en.wikipedia.org/wiki/Comarth
SEAT Cupra,Spain,Active,https://en.wikipedia.org/wiki/SEAT_Cupra
Honda,Spain,Active,https://en.wikipedia.org/wiki/Honda
GTA Motor,Spain,Active,https://en.wikipedia.org/wiki/GTA_Motor
Hurtan,Spain,Active,https://en.wikipedia.org/wiki/Hurtan
SEAT,Spain,Active,https://en.wikipedia.org/wiki/SEAT
GTA Spano,Spain,Active,https://en.wikipedia.org/wiki/GTA_Spano
Tramontana (sports car),Spain,Active,https://en.wikipedia.org/wiki/Tramontana_(sports_car)
Tauro Sport Auto,Spain,Active,https://en.wikipedia.org/wiki/Tauro_Sport_Auto
UROVESA,Spain,Active,https://en.wikipedia.org/wiki/UROVESA
Hispano Suiza,Spain,Former,https://en.wikipedia.org/wiki/Hispano_Suiza
Pegaso,Spain,Former,https://en.wikipedia.org/wiki/Pegaso
Santana Motor,Spain,Former,https://en.wikipedia.org/wiki/Santana_Motor
Volvo Cars,Sweden,Active,https://en.wikipedia.org/wiki/Volvo_Cars
Koenigsegg,Sweden,Active,https://en.wikipedia.org/wiki/Koenigsegg
Polestar,Sweden,Active,https://en.wikipedia.org/wiki/Polestar
Rengsjöbilen,Sweden,Former,https://en.wikipedia.org/wiki/Rengsj%C3%B6bilen
Saab Automobile,Sweden,Former,https://en.wikipedia.org/wiki/Saab_Automobile
Hult Healey,Sweden,Former,https://en.wikipedia.org/wiki/Hult_Healey
Jösse Car,Sweden,Former,https://en.wikipedia.org/wiki/J%C3%B6sse_Car
Kalmar Verkstad,Sweden,Former,https://en.wikipedia.org/wiki/Kalmar_Verkstad
NEVS,Sweden,Former,https://en.wikipedia.org/wiki/NEVS
MBM (automobile),Switzerland,Former,https://en.wikipedia.org/wiki/MBM_(automobile)
Monteverdi (automobile),Switzerland,Former,https://en.wikipedia.org/wiki/Monteverdi_(automobile)
Ranger (automobile),Switzerland,Former,https://en.wikipedia.org/wiki/Ranger_(automobile)
Rinspeed,Switzerland,Former,https://en.wikipedia.org/wiki/Rinspeed
China Motor Corporation,Taiwan,,https://en.wikipedia.org/wiki/China_Motor_Corporation
Luxgen,Taiwan,,https://en.wikipedia.org/wiki/Luxgen
Thunder Power,Taiwan,,https://en.wikipedia.org/wiki/Thunder_Power
Yue Loong,Taiwan,,https://en.wikipedia.org/wiki/Yue_Loong
Thai Rung Union Car,Thailand,,https://en.wikipedia.org/wiki/Thai_Rung_Union_Car
Industries Mécaniques Maghrébines,Tunisia,Active,https://en.wikipedia.org/wiki/Industries_M%C3%A9caniques_Maghr%C3%A9bines
Wallyscar,Tunisia,Active,https://en.wikipedia.org/wiki/Wallyscar
Anadol,Turkey,,https://en.wikipedia.org/wiki/Anadol
Devrim,Turkey,,https://en.wikipedia.org/wiki/Devrim
Etox,Turkey,,https://en.wikipedia.org/wiki/Etox
Özmaktaş-Özaltın Makina Otomotiv,Turkey,,https://en.wikipedia.org/wiki/%C3%96zmakta%C5%9F-%C3%96zalt%C4%B1n_Makina_Otomotiv
Temsa,Turkey,,https://en.wikipedia.org/wiki/Temsa
Tofaş,Turkey,,https://en.wikipedia.org/wiki/Tofa%C5%9F
TOGG,Turkey,,https://en.wikipedia.org/wiki/TOGG
Kiira Motors Corporation,Uganda,,https://en.wikipedia.org/wiki/Kiira_Motors_Corporation
ZAZ,Ukraine,,https://en.wikipedia.org/wiki/ZAZ
KrAZ,Ukraine,,https://en.wikipedia.org/wiki/KrAZ
Devel Motors,United_Arab_Emirates,,https://en.wikipedia.org/wiki/Devel_Motors
W Motors,United_Arab_Emirates,,https://en.wikipedia.org/wiki/W_Motors
AC Cars,United_Kingdom,Active,https://en.wikipedia.org/wiki/AC_Cars
Arash Motor Company,United_Kingdom,Active,https://en.wikipedia.org/wiki/Arash_Motor_Company
Ariel Motor Company,United_Kingdom,Active,https://en.wikipedia.org/wiki/Ariel_Motor_Company
Arrival (company),United_Kingdom,Active,https://en.wikipedia.org/wiki/Arrival_(company)
Aston Martin,United_Kingdom,Active,https://en.wikipedia.org/wiki/Aston_Martin
Briggs Automotive Company,United_Kingdom,Active,https://en.wikipedia.org/wiki/Briggs_Automotive_Company
Bentley,United_Kingdom,Active,https://en.wikipedia.org/wiki/Bentley
Caterham Cars,United_Kingdom,Active,https://en.wikipedia.org/wiki/Caterham_Cars
David Brown Automotive,United_Kingdom,Active,https://en.wikipedia.org/wiki/David_Brown_Automotive
Ginetta Cars,United_Kingdom,Active,https://en.wikipedia.org/wiki/Ginetta_Cars
Gordon Murray Automotive,United_Kingdom,Active,https://en.wikipedia.org/wiki/Gordon_Murray_Automotive
Ineos,United_Kingdom,Active,https://en.wikipedia.org/wiki/Ineos#Ineos_Automotive
Jaguar Cars,United_Kingdom,Active,https://en.wikipedia.org/wiki/Jaguar_Cars
Lagonda,United_Kingdom,Active,https://en.wikipedia.org/wiki/Lagonda
Land Rover,United_Kingdom,Active,https://en.wikipedia.org/wiki/Land_Rover
Lister Motor Company,United_Kingdom,Active,https://en.wikipedia.org/wiki/Lister_Motor_Company
London Electric Vehicle Company,United_Kingdom,Active,https://en.wikipedia.org/wiki/London_Electric_Vehicle_Company
Lotus Cars,United_Kingdom,Active,https://en.wikipedia.org/wiki/Lotus_Cars
Mini (marque),United_Kingdom,Active,https://en.wikipedia.org/wiki/Mini_(marque)
McLaren Automotive,United_Kingdom,Active,https://en.wikipedia.org/wiki/McLaren_Automotive
Morgan Motor Company,United_Kingdom,Active,https://en.wikipedia.org/wiki/Morgan_Motor_Company
Noble Automotive,United_Kingdom,Active,https://en.wikipedia.org/wiki/Noble_Automotive
Radical Sportscars,United_Kingdom,Active,https://en.wikipedia.org/wiki/Radical_Sportscars
Rolls-Royce Motor Cars,United_Kingdom,Active,https://en.wikipedia.org/wiki/Rolls-Royce_Motor_Cars
TVR,United_Kingdom,Active,https://en.wikipedia.org/wiki/TVR
Vauxhall Motors,United_Kingdom,Active,https://en.wikipedia.org/wiki/Vauxhall_Motors
Albion Motors,United_Kingdom,Former,https://en.wikipedia.org/wiki/Albion_Motors
Allard Motor Company,United_Kingdom,Former,https://en.wikipedia.org/wiki/Allard_Motor_Company
Alvis Car and Engineering Company,United_Kingdom,Former,https://en.wikipedia.org/wiki/Alvis_Car_and_Engineering_Company
Armstrong Siddeley,United_Kingdom,Former,https://en.wikipedia.org/wiki/Armstrong_Siddeley
Ascari Cars,United_Kingdom,Former,https://en.wikipedia.org/wiki/Ascari_Cars
Austin Motor Company,United_Kingdom,Former,https://en.wikipedia.org/wiki/Austin_Motor_Company
Austin-Healey,United_Kingdom,Former,https://en.wikipedia.org/wiki/Austin-Healey
Berkeley Cars,United_Kingdom,Former,https://en.wikipedia.org/wiki/Berkeley_Cars
Sharp's Commercials,United_Kingdom,Former,https://en.wikipedia.org/wiki/Sharp%27s_Commercials
Bristol Cars,United_Kingdom,Former,https://en.wikipedia.org/wiki/Bristol_Cars
British Salmson,United_Kingdom,Former,https://en.wikipedia.org/wiki/British_Salmson
Buckler Cars,United_Kingdom,Former,https://en.wikipedia.org/wiki/Buckler_Cars
Chambers Motors,United_Kingdom,Former,https://en.wikipedia.org/wiki/Chambers_Motors
Chrysler Europe,United_Kingdom,Former,https://en.wikipedia.org/wiki/Chrysler_Europe
Clan (car),United_Kingdom,Former,https://en.wikipedia.org/wiki/Clan_(car)
Crossley Motors,United_Kingdom,Former,https://en.wikipedia.org/wiki/Crossley_Motors
Daimler Company,United_Kingdom,Former,https://en.wikipedia.org/wiki/Daimler_Company
Dellow,United_Kingdom,Former,https://en.wikipedia.org/wiki/Dellow
Durant (automobile),United_Kingdom,Former,https://en.wikipedia.org/wiki/Durant_(automobile)
Dutton Cars,United_Kingdom,Former,https://en.wikipedia.org/wiki/Dutton_Cars
Elva (car manufacturer),United_Kingdom,Former,https://en.wikipedia.org/wiki/Elva_(car_manufacturer)
Enfield Automotive,United_Kingdom,Former,https://en.wikipedia.org/wiki/Enfield_Automotive
Fairthorpe Cars,United_Kingdom,Former,https://en.wikipedia.org/wiki/Fairthorpe_Cars
Farboud Limited,United_Kingdom,Former,https://en.wikipedia.org/wiki/Farboud_Limited
Frazer Nash,United_Kingdom,Former,https://en.wikipedia.org/wiki/Frazer_Nash
Gilbern,United_Kingdom,Former,https://en.wikipedia.org/wiki/Gilbern
Gordon-Keeble,United_Kingdom,Former,https://en.wikipedia.org/wiki/Gordon-Keeble
Donald Healey Motor Company,United_Kingdom,Former,https://en.wikipedia.org/wiki/Donald_Healey_Motor_Company
Hillman,United_Kingdom,Former,https://en.wikipedia.org/wiki/Hillman
Humber Limited,United_Kingdom,Former,https://en.wikipedia.org/wiki/Humber_Limited
Invacar,United_Kingdom,Former,https://en.wikipedia.org/wiki/Invacar
Invicta (car),United_Kingdom,Former,https://en.wikipedia.org/wiki/Invicta_(car)
Jensen Motors,United_Kingdom,Former,https://en.wikipedia.org/wiki/Jensen_Motors
Jowett,United_Kingdom,Former,https://en.wikipedia.org/wiki/Jowett
Keating Supercars,United_Kingdom,Former,https://en.wikipedia.org/wiki/Keating_Supercars
Lanchester Motor Company,United_Kingdom,Former,https://en.wikipedia.org/wiki/Lanchester_Motor_Company
Lea-Francis,United_Kingdom,Former,https://en.wikipedia.org/wiki/Lea-Francis
Lloyd Cars Ltd,United_Kingdom,Former,https://en.wikipedia.org/wiki/Lloyd_Cars_Ltd
Lotus-Cortina,United_Kingdom,Former,https://en.wikipedia.org/wiki/Lotus-Cortina
Marauder Cars,United_Kingdom,Former,https://en.wikipedia.org/wiki/Marauder_Cars
MG Cars,United_Kingdom,Former,https://en.wikipedia.org/wiki/MG_Cars
Nash Metropolitan,United_Kingdom,Former,https://en.wikipedia.org/wiki/Nash_Metropolitan
Midas Cars,United_Kingdom,Former,https://en.wikipedia.org/wiki/Midas_Cars
Morris Motors,United_Kingdom,Former,https://en.wikipedia.org/wiki/Morris_Motors
Nash-Healey,United_Kingdom,Former,https://en.wikipedia.org/wiki/Nash-Healey
Panther Westwinds,United_Kingdom,Former,https://en.wikipedia.org/wiki/Panther_Westwinds
Paramount Cars,United_Kingdom,Former,https://en.wikipedia.org/wiki/Paramount_Cars
Peel Engineering Company,United_Kingdom,Former,https://en.wikipedia.org/wiki/Peel_Engineering_Company
Peerless (UK car),United_Kingdom,Former,https://en.wikipedia.org/wiki/Peerless_(UK_car)
Princess (car),United_Kingdom,Former,https://en.wikipedia.org/wiki/Princess_(car)
Reliant Motors,United_Kingdom,Former,https://en.wikipedia.org/wiki/Reliant_Motors
Riley Motor,United_Kingdom,Former,https://en.wikipedia.org/wiki/Riley_Motor
Rover (marque),United_Kingdom,Former,https://en.wikipedia.org/wiki/Rover_(marque)
RW Kit Cars,United_Kingdom,Former,https://en.wikipedia.org/wiki/RW_Kit_Cars
Singer Motors,United_Kingdom,Former,https://en.wikipedia.org/wiki/Singer_Motors
Spartan Cars,United_Kingdom,Former,https://en.wikipedia.org/wiki/Spartan_Cars
Standard Motor Company,United_Kingdom,Former,https://en.wikipedia.org/wiki/Standard_Motor_Company
Sunbeam Motor Car Company,United_Kingdom,Former,https://en.wikipedia.org/wiki/Sunbeam_Motor_Car_Company
Sunbeam-Talbot,United_Kingdom,Former,https://en.wikipedia.org/wiki/Sunbeam-Talbot
Swallow Doretti,United_Kingdom,Former,https://en.wikipedia.org/wiki/Swallow_Doretti
Clément-Talbot,United_Kingdom,Former,https://en.wikipedia.org/wiki/Cl%C3%A9ment-Talbot
Tornado Cars,United_Kingdom,Former,https://en.wikipedia.org/wiki/Tornado_Cars
Trident Cars,United_Kingdom,Former,https://en.wikipedia.org/wiki/Trident_Cars
Triumph Motor Company,United_Kingdom,Former,https://en.wikipedia.org/wiki/Triumph_Motor_Company
Trojan (automobile),United_Kingdom,Former,https://en.wikipedia.org/wiki/Trojan_(automobile)
Turner Sports Cars,United_Kingdom,Former,https://en.wikipedia.org/wiki/Turner_Sports_Cars
Tyrrell Racing,United_Kingdom,Former,https://en.wikipedia.org/wiki/Tyrrell_Racing
Vanden Plas,United_Kingdom,Former,https://en.wikipedia.org/wiki/Vanden_Plas
Peerless (UK car),United_Kingdom,Former,https://en.wikipedia.org/wiki/Peerless_(UK_car)
Wolseley Motors,United_Kingdom,Former,https://en.wikipedia.org/wiki/Wolseley_Motors
AM General,United_States,Active,https://en.wikipedia.org/wiki/AM_General
Anteros Coachworks Inc.,United_States,Active,https://en.wikipedia.org/wiki/Anteros_Coachworks_Inc.
Arcimoto,United_States,Active,https://en.wikipedia.org/wiki/Arcimoto
Aurica Motors,United_States,Active,https://en.wikipedia.org/wiki/Aurica_Motors
Bollinger Motors,United_States,Active,https://en.wikipedia.org/wiki/Bollinger_Motors
Bremach,United_States,Active,https://en.wikipedia.org/wiki/Bremach
Buick,United_States,Active,https://en.wikipedia.org/wiki/Buick
Cadillac,United_States,Active,https://en.wikipedia.org/wiki/Cadillac
Chevrolet,United_States,Active,https://en.wikipedia.org/wiki/Chevrolet
Chrysler,United_States,Active,https://en.wikipedia.org/wiki/Chrysler
Czinger,United_States,Active,https://en.wikipedia.org/wiki/Czinger
DeLorean Motor Company,United_States,Active,https://en.wikipedia.org/wiki/DeLorean_Motor_Company
Dodge,United_States,Active,https://en.wikipedia.org/wiki/Dodge
Elio Motors,United_States,Active,https://en.wikipedia.org/wiki/Elio_Motors
Equus Automotive,United_States,Active,https://en.wikipedia.org/wiki/Equus_Automotive
E-Z-GO,United_States,Active,https://en.wikipedia.org/wiki/E-Z-GO
Falcon Motorsports,United_States,Active,https://en.wikipedia.org/wiki/Falcon_Motorsports
Faraday Future,United_States,Active,https://en.wikipedia.org/wiki/Faraday_Future
Ford Motor Company,United_States,Active,https://en.wikipedia.org/wiki/Ford_Motor_Company
General Motors,United_States,Active,https://en.wikipedia.org/wiki/General_Motors
GMC (automobile),United_States,Active,https://en.wikipedia.org/wiki/GMC_(automobile)
Hennessey Performance Engineering,United_States,Active,https://en.wikipedia.org/wiki/Hennessey_Performance_Engineering
Jeep,United_States,Active,https://en.wikipedia.org/wiki/Jeep
Karma Automotive,United_States,Active,https://en.wikipedia.org/wiki/Karma_Automotive
Lincoln Motor Company,United_States,Active,https://en.wikipedia.org/wiki/Lincoln_Motor_Company
Lucid Motors,United_States,Active,https://en.wikipedia.org/wiki/Lucid_Motors
Lyons Motor Car,United_States,Active,https://en.wikipedia.org/wiki/Lyons_Motor_Car
Opel,United_States,Active,https://en.wikipedia.org/wiki/Opel
Panoz,United_States,Active,https://en.wikipedia.org/wiki/Panoz
Polaris Industries,United_States,Active,https://en.wikipedia.org/wiki/Polaris_Industries
Racefab Inc.,United_States,Active,https://en.wikipedia.org/wiki/Racefab_Inc.
RAESR,United_States,Active,https://en.wikipedia.org/wiki/RAESR
Ram Trucks,United_States,Active,https://en.wikipedia.org/wiki/Ram_Trucks
Rezvani Automotive Designs,United_States,Active,https://en.wikipedia.org/wiki/Rezvani_Automotive_Designs
Rivian,United_States,Active,https://en.wikipedia.org/wiki/Rivian
Rossion Automotive,United_States,Active,https://en.wikipedia.org/wiki/Rossion_Automotive
Saleen,United_States,Active,https://en.wikipedia.org/wiki/Saleen
Scuderia Cameron Glickenhaus,United_States,Active,https://en.wikipedia.org/wiki/Scuderia_Cameron_Glickenhaus
Carroll Shelby International,United_States,Active,https://en.wikipedia.org/wiki/Carroll_Shelby_International
SSC North America,United_States,Active,https://en.wikipedia.org/wiki/SSC_North_America
Tesla, Inc.,United_States,Active,https://en.wikipedia.org/wiki/Tesla,_Inc.
Trion Supercars,United_States,Active,https://en.wikipedia.org/wiki/Trion_Supercars
Vehicle Production Group,United_States,Active,https://en.wikipedia.org/wiki/Vehicle_Production_Group
Zimmer (automobile),United_States,Active,https://en.wikipedia.org/wiki/Zimmer_(automobile)
Ajax (Nash Motors),United_States,Former,https://en.wikipedia.org/wiki/Ajax_(Nash_Motors)
American Motors Corporation,United_States,Former,https://en.wikipedia.org/wiki/American_Motors_Corporation
American Simplex,United_States,Former,https://en.wikipedia.org/wiki/American_Simplex
American Simplex,United_States,Former,https://en.wikipedia.org/wiki/American_Simplex
Auburn Automobile,United_States,Former,https://en.wikipedia.org/wiki/Auburn_Automobile
Checker Motors Corporation,United_States,Former,https://en.wikipedia.org/wiki/Checker_Motors_Corporation
Coda Automotive,United_States,Former,https://en.wikipedia.org/wiki/Coda_Automotive
Cord (automobile),United_States,Former,https://en.wikipedia.org/wiki/Cord_(automobile)
Crosley,United_States,Former,https://en.wikipedia.org/wiki/Crosley
DeSoto (automobile),United_States,Former,https://en.wikipedia.org/wiki/DeSoto_(automobile)
Detroit Electric,United_States,Former,https://en.wikipedia.org/wiki/Detroit_Electric
Devon Motorworks,United_States,Former,https://en.wikipedia.org/wiki/Devon_Motorworks
Duesenberg,United_States,Former,https://en.wikipedia.org/wiki/Duesenberg
Eagle (automobile),United_States,Former,https://en.wikipedia.org/wiki/Eagle_(automobile)
Edsel,United_States,Former,https://en.wikipedia.org/wiki/Edsel
Frazer (automobile),United_States,Former,https://en.wikipedia.org/wiki/Frazer_(automobile)
Fisker Automotive,United_States,Former,https://en.wikipedia.org/wiki/Fisker_Automotive
Geo (automobile),United_States,Former,https://en.wikipedia.org/wiki/Geo_(automobile)
Hudson Motor Car Company,United_States,Former,https://en.wikipedia.org/wiki/Hudson_Motor_Car_Company
Hummer,United_States,Former,https://en.wikipedia.org/wiki/Hummer
Hupmobile,United_States,Former,https://en.wikipedia.org/wiki/Hupmobile
Imperial (automobile),United_States,Former,https://en.wikipedia.org/wiki/Imperial_(automobile)
Jordan Motor Car Company,United_States,Former,https://en.wikipedia.org/wiki/Jordan_Motor_Car_Company
Kaiser Motors,United_States,Former,https://en.wikipedia.org/wiki/Kaiser_Motors
LaFayette Motors,United_States,Former,https://en.wikipedia.org/wiki/LaFayette_Motors
LaSalle (automobile),United_States,Former,https://en.wikipedia.org/wiki/LaSalle_(automobile)
Local Motors,United_States,Former,https://en.wikipedia.org/wiki/Local_Motors
Marmon Motor Car Company,United_States,Former,https://en.wikipedia.org/wiki/Marmon_Motor_Car_Company
Marquette (automobile),United_States,Former,https://en.wikipedia.org/wiki/Marquette_(automobile)
Maxwell automobile,United_States,Former,https://en.wikipedia.org/wiki/Maxwell_automobile
Mercer (automobile),United_States,Former,https://en.wikipedia.org/wiki/Mercer_(automobile)
Mercury (automobile),United_States,Former,https://en.wikipedia.org/wiki/Mercury_(automobile)
Merkur,United_States,Former,https://en.wikipedia.org/wiki/Merkur
Moon Motor Car,United_States,Former,https://en.wikipedia.org/wiki/Moon_Motor_Car
Mosler Automotive,United_States,Former,https://en.wikipedia.org/wiki/Mosler_Automotive
Nash Motors,United_States,Former,https://en.wikipedia.org/wiki/Nash_Motors
Navistar International,United_States,Former,https://en.wikipedia.org/wiki/Navistar_International
Oakland Motor Car Company,United_States,Former,https://en.wikipedia.org/wiki/Oakland_Motor_Car_Company
Oldsmobile,United_States,Former,https://en.wikipedia.org/wiki/Oldsmobile
Packard,United_States,Former,https://en.wikipedia.org/wiki/Packard
Plymouth (automobile),United_States,Former,https://en.wikipedia.org/wiki/Plymouth_(automobile)
Pontiac (automobile),United_States,Former,https://en.wikipedia.org/wiki/Pontiac_(automobile)
Rambler (automobile),United_States,Former,https://en.wikipedia.org/wiki/Rambler_(automobile)
Saturn Corporation,United_States,Former,https://en.wikipedia.org/wiki/Saturn_Corporation
Staver,United_States,Former,https://en.wikipedia.org/wiki/Staver
Stearns-Knight,United_States,Former,https://en.wikipedia.org/wiki/Stearns-Knight
Studebaker,United_States,Former,https://en.wikipedia.org/wiki/Studebaker
Vector Motors,United_States,Former,https://en.wikipedia.org/wiki/Vector_Motors
Wheego Technologies,United_States,Former,https://en.wikipedia.org/wiki/Wheego_Technologies
Willys,United_States,Former,https://en.wikipedia.org/wiki/Willys
SamKochAvto,Uzbekistan,,https://en.wikipedia.org/wiki/SamKochAvto
UzAuto Motors,Uzbekistan,,https://en.wikipedia.org/wiki/UzAuto_Motors
File:Da-Nang Vietnam CHIEN-THANG-3.45T-truck-01.jpg,Vietnam,Active,https://en.wikipedia.org/wiki/File:Da-Nang_Vietnam_CHIEN-THANG-3.45T-truck-01.jpg
THACO,Vietnam,Active,https://en.wikipedia.org/wiki/THACO
VinFast,Vietnam,Active,https://en.wikipedia.org/wiki/VinFast
Vinaxuki,Vietnam,Former,https://en.wikipedia.org/wiki/Vinaxuki